seed,radius,fold,alpha,train_rows,test_rows
0,250,0,1.0,234,66
0,250,1,0.1,212,72
0,250,2,0.3,245,63
0,250,3,1.0,240,64
0,250,4,0.3,269,46
0,250,5,0.3,260,53
0,300,0,1.0,234,66
0,300,1,1.0,212,72
0,300,2,1.0,245,63
0,300,3,1.0,240,64
0,300,4,0.3,269,46
0,300,5,0.3,260,53
0,400,0,1.0,234,66
0,400,1,1.0,212,72
0,400,2,0.3,245,63
0,400,3,1.0,240,64
0,400,4,1.0,269,46
0,400,5,0.3,260,53
1,250,0,1.0,212,83
1,250,1,1.0,235,63
1,250,2,0.1,263,53
1,250,3,0.1,249,54
1,250,4,1.0,223,69
1,250,5,1.0,277,42
1,300,0,1.0,212,83
1,300,1,1.0,235,63
1,300,2,0.3,263,53
1,300,3,0.3,249,54
1,300,4,1.0,223,69
1,300,5,1.0,277,42
1,400,0,1.0,212,83
1,400,1,1.0,235,63
1,400,2,1.0,263,53
1,400,3,1.0,249,54
1,400,4,1.0,223,69
1,400,5,1.0,277,42
2,250,0,1.0,234,69
2,250,1,1.0,228,69
2,250,2,1.0,230,73
2,250,3,0.3,310,27
2,250,4,1.0,257,57
2,250,5,0.1,239,69
2,300,0,3.0,234,69
2,300,1,0.3,228,69
2,300,2,1.0,230,73
2,300,3,0.3,310,27
2,300,4,1.0,257,57
2,300,5,0.3,239,69
2,400,0,3.0,234,69
2,400,1,1.0,228,69
2,400,2,1.0,230,73
2,400,3,1.0,310,27
2,400,4,1.0,257,57
2,400,5,1.0,239,69
3,250,0,0.1,254,48
3,250,1,0.3,236,73
3,250,2,0.3,223,65
3,250,3,0.3,240,58
3,250,4,1.0,272,39
3,250,5,1.0,211,81
3,300,0,0.1,254,48
3,300,1,1.0,236,73
3,300,2,1.0,223,65
3,300,3,1.0,240,58
3,300,4,1.0,272,39
3,300,5,3.0,211,81
3,400,0,0.3,254,48
3,400,1,0.3,236,73
3,400,2,1.0,223,65
3,400,3,0.3,240,58
3,400,4,1.0,272,39
3,400,5,1.0,211,81
4,250,0,3.0,214,90
4,250,1,1.0,248,63
4,250,2,1.0,246,72
4,250,3,0.1,297,27
4,250,4,1.0,240,59
4,250,5,1.0,270,53
4,300,0,3.0,214,90
4,300,1,1.0,248,63
4,300,2,1.0,246,72
4,300,3,0.3,297,27
4,300,4,1.0,240,59
4,300,5,1.0,270,53
4,400,0,3.0,214,90
4,400,1,1.0,248,63
4,400,2,0.3,246,72
4,400,3,1.0,297,27
4,400,4,1.0,240,59
4,400,5,1.0,270,53
5,250,0,0.1,226,69
5,250,1,1.0,221,70
5,250,2,1.0,268,45
5,250,3,0.3,262,50
5,250,4,0.3,248,64
5,250,5,1.0,221,66
5,300,0,1.0,226,69
5,300,1,1.0,221,70
5,300,2,1.0,268,45
5,300,3,0.3,262,50
5,300,4,1.0,248,64
5,300,5,1.0,221,66
5,400,0,1.0,226,69
5,400,1,0.3,221,70
5,400,2,1.0,268,45
5,400,3,1.0,262,50
5,400,4,1.0,248,64
5,400,5,3.0,221,66
6,250,0,0.1,189,90
6,250,1,1.0,239,68
6,250,2,0.1,229,71
6,250,3,1.0,284,34
6,250,4,0.3,300,32
6,250,5,0.3,235,69
6,300,0,0.3,189,90
6,300,1,1.0,239,68
6,300,2,0.1,229,71
6,300,3,1.0,284,34
6,300,4,1.0,300,32
6,300,5,0.1,235,69
6,400,0,0.3,189,90
6,400,1,3.0,239,68
6,400,2,1.0,229,71
6,400,3,1.0,284,34
6,400,4,1.0,300,32
6,400,5,0.1,235,69
7,250,0,3.0,185,94
7,250,1,0.3,260,48
7,250,2,0.1,246,63
7,250,3,0.3,286,39
7,250,4,1.0,253,58
7,250,5,0.1,252,62
7,300,0,3.0,185,94
7,300,1,0.3,260,48
7,300,2,1.0,246,63
7,300,3,0.3,286,39
7,300,4,1.0,253,58
7,300,5,0.3,252,62
7,400,0,3.0,185,94
7,400,1,0.3,260,48
7,400,2,0.1,246,63
7,400,3,1.0,286,39
7,400,4,3.0,253,58
7,400,5,1.0,252,62
8,250,0,1.0,211,83
8,250,1,1.0,211,77
8,250,2,1.0,262,49
8,250,3,1.0,291,39
8,250,4,0.3,240,55
8,250,5,0.3,238,61
8,300,0,1.0,211,83
8,300,1,1.0,211,77
8,300,2,1.0,262,49
8,300,3,1.0,291,39
8,300,4,0.3,240,55
8,300,5,0.3,238,61
8,400,0,0.3,211,83
8,400,1,1.0,211,77
8,400,2,3.0,262,49
8,400,3,1.0,291,39
8,400,4,1.0,240,55
8,400,5,1.0,238,61
9,250,0,0.3,232,64
9,250,1,1.0,217,77
9,250,2,1.0,241,66
9,250,3,0.1,274,40
9,250,4,1.0,247,58
9,250,5,1.0,246,59
9,300,0,1.0,232,64
9,300,1,1.0,217,77
9,300,2,1.0,241,66
9,300,3,0.3,274,40
9,300,4,1.0,247,58
9,300,5,1.0,246,59
9,400,0,1.0,232,64
9,400,1,3.0,217,77
9,400,2,3.0,241,66
9,400,3,1.0,274,40
9,400,4,1.0,247,58
9,400,5,1.0,246,59
10,250,0,0.3,234,66
10,250,1,1.0,181,89
10,250,2,0.1,275,43
10,250,3,0.3,267,45
10,250,4,0.1,277,46
10,250,5,1.0,211,75
10,300,0,0.3,234,66
10,300,1,1.0,181,89
10,300,2,0.3,275,43
10,300,3,1.0,267,45
10,300,4,0.3,277,46
10,300,5,1.0,211,75
10,400,0,1.0,234,66
10,400,1,1.0,181,89
10,400,2,0.3,275,43
10,400,3,1.0,267,45
10,400,4,0.3,277,46
10,400,5,1.0,211,75
11,250,0,0.3,212,85
11,250,1,0.3,238,60
11,250,2,0.1,256,55
11,250,3,0.3,276,41
11,250,4,1.0,240,64
11,250,5,0.3,253,59
11,300,0,1.0,212,85
11,300,1,1.0,238,60
11,300,2,0.3,256,55
11,300,3,0.3,276,41
11,300,4,1.0,240,64
11,300,5,1.0,253,59
11,400,0,1.0,212,85
11,400,1,1.0,238,60
11,400,2,1.0,256,55
11,400,3,1.0,276,41
11,400,4,1.0,240,64
11,400,5,0.1,253,59
12,250,0,0.3,229,75
12,250,1,0.3,221,82
12,250,2,0.1,252,55
12,250,3,0.3,288,45
12,250,4,0.3,256,58
12,250,5,1.0,266,49
12,300,0,1.0,229,75
12,300,1,1.0,221,82
12,300,2,0.3,252,55
12,300,3,0.3,288,45
12,300,4,0.3,256,58
12,300,5,1.0,266,49
12,400,0,1.0,229,75
12,400,1,1.0,221,82
12,400,2,1.0,252,55
12,400,3,3.0,288,45
12,400,4,1.0,256,58
12,400,5,1.0,266,49
13,250,0,1.0,216,75
13,250,1,0.1,245,58
13,250,2,0.3,259,57
13,250,3,1.0,234,68
13,250,4,0.3,281,42
13,250,5,0.1,238,64
13,300,0,0.3,216,75
13,300,1,0.1,245,58
13,300,2,1.0,259,57
13,300,3,1.0,234,68
13,300,4,0.3,281,42
13,300,5,0.1,238,64
13,400,0,1.0,216,75
13,400,1,0.1,245,58
13,400,2,1.0,259,57
13,400,3,1.0,234,68
13,400,4,1.0,281,42
13,400,5,0.3,238,64
14,250,0,1.0,273,48
14,250,1,0.3,209,78
14,250,2,0.1,253,52
14,250,3,0.3,268,54
14,250,4,1.0,268,51
14,250,5,1.0,221,81
14,300,0,1.0,273,48
14,300,1,1.0,209,78
14,300,2,0.3,253,52
14,300,3,1.0,268,54
14,300,4,1.0,268,51
14,300,5,1.0,221,81
14,400,0,1.0,273,48
14,400,1,1.0,209,78
14,400,2,1.0,253,52
14,400,3,1.0,268,54
14,400,4,3.0,268,51
14,400,5,1.0,221,81
15,250,0,0.3,270,46
15,250,1,1.0,205,92
15,250,2,0.3,276,44
15,250,3,0.1,232,65
15,250,4,1.0,278,49
15,250,5,1.0,242,68
15,300,0,1.0,270,46
15,300,1,1.0,205,92
15,300,2,0.3,276,44
15,300,3,0.3,232,65
15,300,4,1.0,278,49
15,300,5,1.0,242,68
15,400,0,3.0,270,46
15,400,1,1.0,205,92
15,400,2,1.0,276,44
15,400,3,1.0,232,65
15,400,4,1.0,278,49
15,400,5,1.0,242,68
16,250,0,1.0,201,93
16,250,1,0.1,224,64
16,250,2,1.0,248,57
16,250,3,0.1,277,42
16,250,4,1.0,241,62
16,250,5,0.3,261,46
16,300,0,1.0,201,93
16,300,1,0.3,224,64
16,300,2,1.0,248,57
16,300,3,1.0,277,42
16,300,4,1.0,241,62
16,300,5,0.3,261,46
16,400,0,1.0,201,93
16,400,1,1.0,224,64
16,400,2,0.3,248,57
16,400,3,1.0,277,42
16,400,4,1.0,241,62
16,400,5,1.0,261,46
17,250,0,1.0,237,76
17,250,1,0.1,208,78
17,250,2,0.3,237,58
17,250,3,0.3,273,42
17,250,4,0.3,230,62
17,250,5,0.3,259,48
17,300,0,1.0,237,76
17,300,1,1.0,208,78
17,300,2,0.3,237,58
17,300,3,1.0,273,42
17,300,4,0.3,230,62
17,300,5,0.3,259,48
17,400,0,1.0,237,76
17,400,1,1.0,208,78
17,400,2,1.0,237,58
17,400,3,1.0,273,42
17,400,4,1.0,230,62
17,400,5,0.3,259,48
18,250,0,1.0,226,68
18,250,1,0.1,239,62
18,250,2,0.3,250,55
18,250,3,1.0,240,65
18,250,4,1.0,269,50
18,250,5,1.0,236,64
18,300,0,1.0,226,68
18,300,1,0.1,239,62
18,300,2,0.3,250,55
18,300,3,1.0,240,65
18,300,4,1.0,269,50
18,300,5,1.0,236,64
18,400,0,1.0,226,68
18,400,1,0.3,239,62
18,400,2,1.0,250,55
18,400,3,0.3,240,65
18,400,4,1.0,269,50
18,400,5,1.0,236,64
19,250,0,0.3,227,81
19,250,1,0.3,276,45
19,250,2,1.0,226,66
19,250,3,0.1,251,63
19,250,4,0.1,261,56
19,250,5,1.0,262,53
19,300,0,1.0,227,81
19,300,1,1.0,276,45
19,300,2,1.0,226,66
19,300,3,0.1,251,63
19,300,4,0.3,261,56
19,300,5,0.3,262,53
19,400,0,3.0,227,81
19,400,1,1.0,276,45
19,400,2,1.0,226,66
19,400,3,1.0,251,63
19,400,4,1.0,261,56
19,400,5,1.0,262,53
20,250,0,1.0,225,82
20,250,1,0.3,271,45
20,250,2,0.3,228,63
20,250,3,0.3,237,62
20,250,4,1.0,261,48
20,250,5,0.3,232,64
20,300,0,1.0,225,82
20,300,1,1.0,271,45
20,300,2,1.0,228,63
20,300,3,1.0,237,62
20,300,4,0.3,261,48
20,300,5,0.3,232,64
20,400,0,3.0,225,82
20,400,1,3.0,271,45
20,400,2,1.0,228,63
20,400,3,1.0,237,62
20,400,4,3.0,261,48
20,400,5,0.1,232,64
21,250,0,1.0,203,86
21,250,1,1.0,248,55
21,250,2,1.0,255,57
21,250,3,0.3,250,60
21,250,4,0.3,269,48
21,250,5,1.0,250,58
21,300,0,1.0,203,86
21,300,1,1.0,248,55
21,300,2,1.0,255,57
21,300,3,0.3,250,60
21,300,4,1.0,269,48
21,300,5,1.0,250,58
21,400,0,1.0,203,86
21,400,1,1.0,248,55
21,400,2,1.0,255,57
21,400,3,1.0,250,60
21,400,4,1.0,269,48
21,400,5,1.0,250,58
22,250,0,0.1,252,54
22,250,1,0.3,230,63
22,250,2,0.3,241,67
22,250,3,1.0,236,66
22,250,4,0.3,271,45
22,250,5,1.0,220,69
22,300,0,1.0,252,54
22,300,1,1.0,230,63
22,300,2,0.3,241,67
22,300,3,1.0,236,66
22,300,4,0.3,271,45
22,300,5,0.3,220,69
22,400,0,3.0,252,54
22,400,1,1.0,230,63
22,400,2,1.0,241,67
22,400,3,1.0,236,66
22,400,4,1.0,271,45
22,400,5,1.0,220,69
23,250,0,0.3,242,60
23,250,1,0.1,234,72
23,250,2,0.3,242,56
23,250,3,0.1,252,57
23,250,4,0.3,208,75
23,250,5,0.1,262,44
23,300,0,0.3,242,60
23,300,1,0.3,234,72
23,300,2,1.0,242,56
23,300,3,0.1,252,57
23,300,4,0.3,208,75
23,300,5,0.3,262,44
23,400,0,1.0,242,60
23,400,1,1.0,234,72
23,400,2,1.0,242,56
23,400,3,1.0,252,57
23,400,4,1.0,208,75
23,400,5,1.0,262,44
24,250,0,0.3,234,63
24,250,1,1.0,209,82
24,250,2,0.3,246,66
24,250,3,0.3,238,69
24,250,4,0.1,259,44
24,250,5,0.3,279,40
24,300,0,1.0,234,63
24,300,1,1.0,209,82
24,300,2,0.3,246,66
24,300,3,0.3,238,69
24,300,4,0.3,259,44
24,300,5,1.0,279,40
24,400,0,1.0,234,63
24,400,1,1.0,209,82
24,400,2,1.0,246,66
24,400,3,1.0,238,69
24,400,4,1.0,259,44
24,400,5,1.0,279,40
25,250,0,1.0,235,65
25,250,1,1.0,221,78
25,250,2,0.1,271,42
25,250,3,0.3,247,52
25,250,4,1.0,234,63
25,250,5,1.0,252,64
25,300,0,1.0,235,65
25,300,1,0.3,221,78
25,300,2,0.3,271,42
25,300,3,0.3,247,52
25,300,4,1.0,234,63
25,300,5,1.0,252,64
25,400,0,3.0,235,65
25,400,1,1.0,221,78
25,400,2,1.0,271,42
25,400,3,1.0,247,52
25,400,4,0.3,234,63
25,400,5,1.0,252,64
26,250,0,0.1,262,64
26,250,1,0.3,255,55
26,250,2,0.3,260,58
26,250,3,1.0,239,65
26,250,4,0.3,211,75
26,250,5,0.3,270,47
26,300,0,0.3,262,64
26,300,1,0.3,255,55
26,300,2,0.3,260,58
26,300,3,1.0,239,65
26,300,4,1.0,211,75
26,300,5,1.0,270,47
26,400,0,1.0,262,64
26,400,1,1.0,255,55
26,400,2,1.0,260,58
26,400,3,1.0,239,65
26,400,4,0.3,211,75
26,400,5,1.0,270,47
27,250,0,0.3,225,75
27,250,1,0.3,251,61
27,250,2,1.0,241,57
27,250,3,0.1,291,34
27,250,4,0.3,253,60
27,250,5,0.1,222,77
27,300,0,0.1,225,75
27,300,1,0.3,251,61
27,300,2,1.0,241,57
27,300,3,0.1,291,34
27,300,4,0.3,253,60
27,300,5,0.1,222,77
27,400,0,0.3,225,75
27,400,1,1.0,251,61
27,400,2,1.0,241,57
27,400,3,0.1,291,34
27,400,4,1.0,253,60
27,400,5,1.0,222,77
28,250,0,0.1,188,92
28,250,1,0.3,261,52
28,250,2,0.3,214,73
28,250,3,0.1,275,42
28,250,4,0.3,257,51
28,250,5,0.3,253,54
28,300,0,1.0,188,92
28,300,1,0.3,261,52
28,300,2,1.0,214,73
28,300,3,0.3,275,42
28,300,4,1.0,257,51
28,300,5,1.0,253,54
28,400,0,1.0,188,92
28,400,1,1.0,261,52
28,400,2,1.0,214,73
28,400,3,3.0,275,42
28,400,4,3.0,257,51
28,400,5,1.0,253,54
29,250,0,1.0,223,73
29,250,1,0.3,253,58
29,250,2,0.3,240,61
29,250,3,1.0,255,54
29,250,4,1.0,275,49
29,250,5,0.3,236,69
29,300,0,1.0,223,73
29,300,1,0.3,253,58
29,300,2,0.3,240,61
29,300,3,1.0,255,54
29,300,4,1.0,275,49
29,300,5,0.3,236,69
29,400,0,1.0,223,73
29,400,1,1.0,253,58
29,400,2,1.0,240,61
29,400,3,3.0,255,54
29,400,4,1.0,275,49
29,400,5,0.1,236,69
30,250,0,1.0,233,72
30,250,1,1.0,214,69
30,250,2,1.0,252,60
30,250,3,0.3,260,53
30,250,4,0.3,251,69
30,250,5,1.0,277,41
30,300,0,0.3,233,72
30,300,1,1.0,214,69
30,300,2,1.0,252,60
30,300,3,0.3,260,53
30,300,4,1.0,251,69
30,300,5,1.0,277,41
30,400,0,1.0,233,72
30,400,1,1.0,214,69
30,400,2,1.0,252,60
30,400,3,1.0,260,53
30,400,4,0.3,251,69
30,400,5,1.0,277,41
31,250,0,0.1,244,56
31,250,1,0.3,225,75
31,250,2,1.0,238,63
31,250,3,1.0,246,68
31,250,4,1.0,264,55
31,250,5,0.1,261,47
31,300,0,0.1,244,56
31,300,1,1.0,225,75
31,300,2,1.0,238,63
31,300,3,1.0,246,68
31,300,4,1.0,264,55
31,300,5,0.3,261,47
31,400,0,0.3,244,56
31,400,1,1.0,225,75
31,400,2,3.0,238,63
31,400,3,0.3,246,68
31,400,4,1.0,264,55
31,400,5,1.0,261,47
32,250,0,0.1,240,68
32,250,1,1.0,228,75
32,250,2,1.0,239,68
32,250,3,0.3,267,43
32,250,4,1.0,245,64
32,250,5,0.1,277,46
32,300,0,0.3,240,68
32,300,1,1.0,228,75
32,300,2,1.0,239,68
32,300,3,1.0,267,43
32,300,4,1.0,245,64
32,300,5,1.0,277,46
32,400,0,1.0,240,68
32,400,1,1.0,228,75
32,400,2,1.0,239,68
32,400,3,1.0,267,43
32,400,4,1.0,245,64
32,400,5,1.0,277,46
33,250,0,0.3,237,61
33,250,1,0.1,248,69
33,250,2,0.3,249,55
33,250,3,0.1,221,72
33,250,4,1.0,259,47
33,250,5,1.0,236,60
33,300,0,1.0,237,61
33,300,1,0.1,248,69
33,300,2,1.0,249,55
33,300,3,0.3,221,72
33,300,4,0.3,259,47
33,300,5,0.3,236,60
33,400,0,3.0,237,61
33,400,1,1.0,248,69
33,400,2,3.0,249,55
33,400,3,1.0,221,72
33,400,4,1.0,259,47
33,400,5,1.0,236,60
34,250,0,1.0,222,75
34,250,1,0.3,265,48
34,250,2,0.3,206,81
34,250,3,0.3,264,47
34,250,4,1.0,233,65
34,250,5,0.1,261,48
34,300,0,1.0,222,75
34,300,1,0.3,265,48
34,300,2,1.0,206,81
34,300,3,0.3,264,47
34,300,4,0.3,233,65
34,300,5,0.3,261,48
34,400,0,1.0,222,75
34,400,1,1.0,265,48
34,400,2,1.0,206,81
34,400,3,1.0,264,47
34,400,4,1.0,233,65
34,400,5,1.0,261,48
35,250,0,1.0,278,43
35,250,1,1.0,196,92
35,250,2,1.0,261,47
35,250,3,0.3,248,57
35,250,4,0.3,240,60
35,250,5,0.3,237,65
35,300,0,1.0,278,43
35,300,1,1.0,196,92
35,300,2,1.0,261,47
35,300,3,0.3,248,57
35,300,4,1.0,240,60
35,300,5,1.0,237,65
35,400,0,3.0,278,43
35,400,1,1.0,196,92
35,400,2,1.0,261,47
35,400,3,1.0,248,57
35,400,4,1.0,240,60
35,400,5,1.0,237,65
36,250,0,1.0,210,71
36,250,1,1.0,229,60
36,250,2,0.3,255,58
36,250,3,1.0,242,61
36,250,4,0.1,246,56
36,250,5,0.3,240,58
36,300,0,1.0,210,71
36,300,1,1.0,229,60
36,300,2,1.0,255,58
36,300,3,1.0,242,61
36,300,4,0.3,246,56
36,300,5,0.3,240,58
36,400,0,1.0,210,71
36,400,1,1.0,229,60
36,400,2,3.0,255,58
36,400,3,1.0,242,61
36,400,4,1.0,246,56
36,400,5,1.0,240,58
37,250,0,0.3,250,64
37,250,1,0.1,194,92
37,250,2,0.3,243,63
37,250,3,1.0,266,57
37,250,4,0.3,269,43
37,250,5,0.1,275,45
37,300,0,0.3,250,64
37,300,1,1.0,194,92
37,300,2,0.3,243,63
37,300,3,1.0,266,57
37,300,4,0.3,269,43
37,300,5,0.1,275,45
37,400,0,1.0,250,64
37,400,1,1.0,194,92
37,400,2,1.0,243,63
37,400,3,1.0,266,57
37,400,4,1.0,269,43
37,400,5,0.3,275,45
38,250,0,0.3,248,59
38,250,1,1.0,216,83
38,250,2,0.3,253,57
38,250,3,0.3,270,45
38,250,4,0.3,255,64
38,250,5,0.3,263,56
38,300,0,0.3,248,59
38,300,1,3.0,216,83
38,300,2,0.3,253,57
38,300,3,0.3,270,45
38,300,4,1.0,255,64
38,300,5,1.0,263,56
38,400,0,0.3,248,59
38,400,1,3.0,216,83
38,400,2,1.0,253,57
38,400,3,1.0,270,45
38,400,4,1.0,255,64
38,400,5,3.0,263,56
39,250,0,1.0,248,65
39,250,1,1.0,202,82
39,250,2,0.1,267,46
39,250,3,0.3,280,35
39,250,4,0.3,256,56
39,250,5,0.3,219,80
39,300,0,1.0,248,65
39,300,1,0.3,202,82
39,300,2,0.3,267,46
39,300,3,0.3,280,35
39,300,4,0.1,256,56
39,300,5,0.1,219,80
39,400,0,3.0,248,65
39,400,1,0.1,202,82
39,400,2,1.0,267,46
39,400,3,1.0,280,35
39,400,4,1.0,256,56
39,400,5,1.0,219,80
40,250,0,1.0,264,53
40,250,1,0.3,227,68
40,250,2,1.0,238,66
40,250,3,0.3,243,59
40,250,4,1.0,242,63
40,250,5,0.1,247,55
40,300,0,1.0,264,53
40,300,1,0.3,227,68
40,300,2,0.3,238,66
40,300,3,1.0,243,59
40,300,4,1.0,242,63
40,300,5,0.3,247,55
40,400,0,1.0,264,53
40,400,1,0.3,227,68
40,400,2,1.0,238,66
40,400,3,1.0,243,59
40,400,4,1.0,242,63
40,400,5,0.3,247,55
41,250,0,0.1,259,50
41,250,1,1.0,208,86
41,250,2,0.1,260,53
41,250,3,0.1,244,60
41,250,4,0.3,264,48
41,250,5,1.0,229,67
41,300,0,0.3,259,50
41,300,1,1.0,208,86
41,300,2,0.3,260,53
41,300,3,0.1,244,60
41,300,4,0.3,264,48
41,300,5,1.0,229,67
41,400,0,1.0,259,50
41,400,1,3.0,208,86
41,400,2,0.1,260,53
41,400,3,1.0,244,60
41,400,4,0.3,264,48
41,400,5,3.0,229,67
42,250,0,0.1,249,54
42,250,1,1.0,238,64
42,250,2,0.3,232,66
42,250,3,0.3,252,52
42,250,4,1.0,261,53
42,250,5,0.1,228,75
42,300,0,0.1,249,54
42,300,1,1.0,238,64
42,300,2,0.3,232,66
42,300,3,0.3,252,52
42,300,4,1.0,261,53
42,300,5,0.3,228,75
42,400,0,1.0,249,54
42,400,1,1.0,238,64
42,400,2,1.0,232,66
42,400,3,0.3,252,52
42,400,4,1.0,261,53
42,400,5,1.0,228,75
43,250,0,1.0,237,60
43,250,1,1.0,247,59
43,250,2,1.0,219,70
43,250,3,1.0,262,51
43,250,4,1.0,250,56
43,250,5,0.3,228,68
43,300,0,3.0,237,60
43,300,1,1.0,247,59
43,300,2,1.0,219,70
43,300,3,1.0,262,51
43,300,4,1.0,250,56
43,300,5,1.0,228,68
43,400,0,3.0,237,60
43,400,1,1.0,247,59
43,400,2,1.0,219,70
43,400,3,1.0,262,51
43,400,4,1.0,250,56
43,400,5,1.0,228,68
44,250,0,1.0,240,63
44,250,1,0.1,208,81
44,250,2,0.3,285,45
44,250,3,0.1,264,52
44,250,4,0.3,219,76
44,250,5,0.1,271,47
44,300,0,1.0,240,63
44,300,1,0.1,208,81
44,300,2,0.3,285,45
44,300,3,0.3,264,52
44,300,4,0.3,219,76
44,300,5,0.3,271,47
44,400,0,1.0,240,63
44,400,1,0.1,208,81
44,400,2,1.0,285,45
44,400,3,1.0,264,52
44,400,4,0.3,219,76
44,400,5,1.0,271,47
45,250,0,1.0,204,81
45,250,1,0.3,234,60
45,250,2,0.3,240,60
45,250,3,1.0,235,65
45,250,4,0.3,227,69
45,250,5,1.0,298,29
45,300,0,1.0,204,81
45,300,1,0.3,234,60
45,300,2,3.0,240,60
45,300,3,0.3,235,65
45,300,4,1.0,227,69
45,300,5,0.3,298,29
45,400,0,1.0,204,81
45,400,1,1.0,234,60
45,400,2,1.0,240,60
45,400,3,0.3,235,65
45,400,4,3.0,227,69
45,400,5,1.0,298,29
46,250,0,1.0,236,65
46,250,1,0.3,253,64
46,250,2,0.3,253,60
46,250,3,0.3,221,76
46,250,4,1.0,235,67
46,250,5,0.3,294,32
46,300,0,1.0,236,65
46,300,1,0.3,253,64
46,300,2,1.0,253,60
46,300,3,0.3,221,76
46,300,4,0.3,235,67
46,300,5,0.3,294,32
46,400,0,1.0,236,65
46,400,1,1.0,253,64
46,400,2,1.0,253,60
46,400,3,1.0,221,76
46,400,4,1.0,235,67
46,400,5,1.0,294,32
47,250,0,0.1,239,65
47,250,1,1.0,229,66
47,250,2,1.0,248,60
47,250,3,1.0,222,73
47,250,4,0.3,285,40
47,250,5,0.3,252,60
47,300,0,0.1,239,65
47,300,1,1.0,229,66
47,300,2,0.3,248,60
47,300,3,1.0,222,73
47,300,4,1.0,285,40
47,300,5,0.1,252,60
47,400,0,1.0,239,65
47,400,1,1.0,229,66
47,400,2,1.0,248,60
47,400,3,0.3,222,73
47,400,4,1.0,285,40
47,400,5,1.0,252,60
48,250,0,1.0,232,76
48,250,1,1.0,238,59
48,250,2,0.3,247,67
48,250,3,0.1,293,38
48,250,4,1.0,244,61
48,250,5,0.1,228,63
48,300,0,1.0,232,76
48,300,1,1.0,238,59
48,300,2,1.0,247,67
48,300,3,0.3,293,38
48,300,4,1.0,244,61
48,300,5,0.3,228,63
48,400,0,1.0,232,76
48,400,1,3.0,238,59
48,400,2,1.0,247,67
48,400,3,1.0,293,38
48,400,4,1.0,244,61
48,400,5,0.3,228,63
49,250,0,0.1,264,48
49,250,1,1.0,235,68
49,250,2,1.0,250,55
49,250,3,1.0,221,74
49,250,4,1.0,261,54
49,250,5,0.3,237,65
49,300,0,0.3,264,48
49,300,1,1.0,235,68
49,300,2,1.0,250,55
49,300,3,1.0,221,74
49,300,4,1.0,261,54
49,300,5,0.3,237,65
49,400,0,0.3,264,48
49,400,1,1.0,235,68
49,400,2,1.0,250,55
49,400,3,1.0,221,74
49,400,4,1.0,261,54
49,400,5,1.0,237,65
