cell_id,eligibility_frequency,top10_frequency,expected_p10,expected_p90,score_p10,score_p90
0,0.0,0.0,1.0340063317444086,1.897972900471638,-1.0948611737135145,-0.8686231958268991
1,0.0,0.0,0.8025634065868505,1.519963146995316,-0.6385866640931496,-0.31757517769120963
2,0.94,0.94,7.949501696757041,10.948097938796435,-1.4127636090813893,-1.1824126726954798
3,1.0,0.0,11.435392732144432,15.14755916189237,1.4208605165009645,2.4129207035975946
4,0.0,0.0,1.5457884890058142,2.158709848343541,-1.105587473711097,-0.9300530276394001
5,0.0,0.0,1.077487872175272,1.5957587278534655,-0.9629147242370838,-0.7618954409875074
6,0.0,0.0,2.462477538989299,3.493835901214218,1.7689018977174413,2.6580910207036537
7,0.0,0.0,0.8547867806994424,1.5304820802711132,0.8783727745104697,1.9805175656356546
8,0.0,0.0,0.86554209569709,1.4835017687550671,-1.0111140899359834,-0.8244154667845719
9,0.0,0.0,2.8269746182801523,3.798957167174044,-0.7260750598282238,-0.5118043003935943
10,0.0,0.0,1.7751826459552578,2.691626362968695,-1.1749002853022679,-1.016965630900422
11,0.94,0.0,4.71119627032886,6.783416011986244,0.0015580857391333143,0.5791727008755869
12,0.0,0.0,8.753491682706407,10.643141178143205,-0.15576188331280386,0.18601982505616776
13,0.0,0.0,1.726806630617165,2.5379030315378315,-0.7773983253404599,-0.5753711482773286
14,1.0,0.0,6.6465668732942245,8.408605682397088,-0.7423186451180228,-0.46534066196428836
15,0.0,0.0,1.8092150316331839,2.6865135250855596,0.6075585151764872,1.2755343112982938
16,0.0,0.0,4.899980265419944,6.9333876180261855,1.524252323727633,2.6963722710859996
17,0.0,0.0,0.6266417593154843,0.9629103652702877,-0.9079850489884488,-0.7502868373150603
18,0.0,0.0,1.157426537881182,1.8514157978978454,-1.150766429369287,-0.9810651681701824
19,0.92,0.0,6.684328787952795,9.289172137997243,-0.818361541635122,-0.4737639659342794
20,0.0,0.0,6.820787190444781,8.375668896485198,-1.2129836797982112,-1.0854840043550384
21,0.0,0.0,3.157281091956707,4.310271462458854,-1.0927043053381533,-0.9098309348033585
22,0.0,0.0,2.3465734034189825,3.2647873197543813,-0.9979134919046284,-0.8423493864595022
23,0.0,0.0,3.435033889051148,4.524815924412948,-0.9234729240161521,-0.7535719376477528
24,0.0,0.0,5.862054156610239,7.164335435549687,-0.1699770249066068,0.10386661449405184
25,0.0,0.0,9.14738266411679,11.240862961734486,0.31460534754459896,0.7109536690728545
26,1.0,0.0,25.417528204284753,31.5554248252867,-0.2923239149094137,0.0477246487527556
27,0.0,0.0,2.5009555897711007,3.2836431138666287,-0.8137088456243465,-0.6419595940222832
28,0.0,0.0,6.344171438600351,8.008561979570455,0.7198885665246533,1.2903296794319927
29,0.0,0.0,2.328840189232302,3.4652073987132446,0.7111126767244044,1.5327567746685453
30,0.0,0.0,0.7025265605588078,1.062931175606527,-0.01943172978225308,0.44054878043863244
31,0.0,0.0,0.874052939379668,1.3478554709872559,-0.9991598639409238,-0.853129770511516
32,0.02,0.0,5.272758640371412,6.567103792184151,-0.18642156953984707,0.13773822501113586
33,1.0,0.0,9.520169873484202,12.188936879996218,0.8949048723072605,1.661206024790785
34,1.0,0.92,10.224330569885714,11.823654258386965,-1.2485197883570889,-1.1165108204786796
35,0.0,0.0,3.3834598262641284,4.518016828434577,-0.41681553081086403,-0.10592493022947863
36,0.0,0.0,5.705142079442661,6.858344472410573,-1.038150466244946,-0.8963361746204397
37,1.0,0.0,15.155697429324105,18.315118276858318,-0.9542621346371848,-0.7436802228423408
38,1.0,0.74,8.366884322494574,11.32916925748161,-1.2287139577756545,-1.0507017586659688
39,0.0,0.0,8.942678334148551,11.096613203705472,1.682102040320208,2.3173421654798823
40,0.0,0.0,3.452842813547696,4.255942398303801,-0.8089988319437922,-0.6468701601695658
41,0.0,0.0,1.6505338572391188,2.2110373312809783,-0.9809891875307898,-0.8117729091552145
42,0.0,0.0,4.980691210004144,7.4038681276416805,1.6684932237772516,2.3123875116504675
43,1.0,0.0,23.72190585997952,32.115419499497705,0.8779545963353645,1.758717339422429
44,0.0,0.0,0.9515421815337705,1.4755089820552851,-0.8942945840203536,-0.649325995144414
45,0.0,0.0,1.1890644393463048,1.8432330395346515,-0.4776569970341148,-0.07779042483160585
46,0.0,0.0,1.9428239353687975,2.4848722702655706,1.1816144918102163,1.8225725458150739
47,0.0,0.0,4.011268271989221,5.0099338643524485,0.9921105522156123,1.47928211537403
48,1.0,0.0,12.395731223355318,15.692292890904778,-0.19554578854185087,0.16576182111290788
49,1.0,0.0,10.378038240491966,12.185081162982815,-0.13310207911518251,0.13737549944646216
50,0.0,0.0,1.2798382520933302,1.9028388130480407,1.4589652330104879,2.2423442848578437
51,0.0,0.0,6.298381321093874,7.19569948771054,-0.9296060086081471,-0.7788358367207241
52,1.0,0.0,12.91672745538084,15.019197743387465,-0.07518133624695045,0.21430157951858805
53,0.0,0.0,9.67307450885304,11.468441378001023,-0.9165436034222292,-0.7632329491818212
54,0.0,0.0,7.270149182904084,9.32550811845978,-0.3825985454159603,0.007219985077594945
55,0.0,0.0,1.4199937822588902,2.1816698288974297,-1.1065669577737824,-0.9322401363746061
56,0.0,0.0,4.861209175349777,6.271616750977896,-0.2661486031109124,0.05137214535336196
57,0.0,0.0,7.378406989656419,8.917573727092396,0.26152144734790206,0.6856589011583982
58,0.0,0.0,3.3249741122697247,5.275663491125918,-0.29680603354118495,0.26655720035961733
59,0.0,0.0,1.4717783043785548,2.0259888332961205,-0.7404981753532403,-0.4870260265158497
60,0.42,0.04,5.825746005659712,7.302530417824871,-1.0960865526487307,-0.9495239079236308
61,0.3,0.0,5.015325653376799,7.222981059332678,-0.6752078243549415,-0.23873904369862736
62,0.0,0.0,1.3771467203954812,2.029705707230348,-1.2230996223464456,-1.0888901330718195
63,0.0,0.0,4.635142047147079,5.621130844783798,0.6313022344094491,1.0739556429498938
64,0.0,0.0,3.317002286716832,4.473835315395796,-0.29071396229514657,0.12293597166571246
65,0.0,0.0,3.783207251551176,5.228783480255204,-0.708291180694845,-0.4649363367267084
66,0.0,0.0,11.302563571337108,13.142619484300551,-0.3808595781609573,-0.16959731913069764
67,0.0,0.0,1.54563925771129,2.23540647326967,-0.5079037846365821,-0.16359470306396026
68,1.0,0.0,13.86860793965906,16.541765195179906,-0.4385415734932586,-0.2502819409952298
69,0.0,0.0,5.054698959523996,6.465664470753746,-1.1923355508019076,-1.024544830808035
70,1.0,0.0,12.052454283022145,13.83057175643495,-0.6336424610859561,-0.4614883517702718
71,0.0,0.0,6.181426438901521,7.33303580605748,0.4590935181188323,0.7741935826454706
72,0.0,0.0,2.915599776427519,3.7945186397696684,0.837410516495126,1.4921908286422305
73,0.0,0.0,1.2677885665919557,1.8463152187310132,-0.8838780955706446,-0.7163349616972681
74,0.0,0.0,5.375641575936492,6.498263004229642,-1.341448047586722,-1.2433586657696616
75,0.04,0.0,4.837308232598589,6.231315914024283,-0.6696015948721055,-0.3656274840279798
76,0.0,0.0,2.4126818415740594,4.1634803369022215,-0.4795090082785873,-0.01687072678760768
77,0.0,0.0,1.051980548808753,1.5825300448592576,0.6949075858974414,1.7366188587472327
78,1.0,0.0,6.467755261882313,8.476187700241237,5.16395600957435,6.554061514641068
79,0.86,0.0,7.183445205242467,8.263216897250766,-0.7557113809012778,-0.6360003724851668
80,0.0,0.0,3.8648752177009005,4.761658050356161,-0.696735907749073,-0.5331564035384301
81,0.0,0.0,3.6305532463803427,5.160795121105325,0.8064388748487069,1.3449808017095186
82,0.0,0.0,4.631801921197635,5.961143966733572,-0.45844346006003583,-0.12011472156887862
83,0.0,0.0,6.621176030161766,8.056045744412334,-0.08839350296465452,0.2635082853464281
84,1.0,0.0,16.745233820264076,20.666806523952946,0.3951934558420079,0.8535256171859829
85,0.0,0.0,3.5710799171739844,4.885304527426895,-0.8334551273151075,-0.5669108884839048
86,1.0,0.0,12.283788328136907,14.38863311121189,-0.7438857813246095,-0.5866179604967838
87,0.0,0.0,7.768523106203986,10.061613526412387,-0.051474204763745576,0.35156254839902695
88,1.0,0.0,31.301384892788235,39.02832467472725,-0.01208446207051978,0.3110736334069626
89,1.0,0.0,7.7208210639353005,10.909850298481237,-0.714072113945771,-0.43450504347248264
90,0.0,0.0,3.9527645123588457,5.020617675530737,0.8155220133206665,1.367474862563686
91,0.0,0.0,3.7759291198135903,4.885260175194209,3.29742591265191,4.4940282091136465
92,0.0,0.0,3.591917905842077,4.877341288535489,-0.9640748896125535,-0.7295077255881071
93,0.0,0.0,3.6108691223837184,5.575243278770409,-0.929957342127031,-0.6232969697721567
94,1.0,0.0,20.087599616354687,24.812695844413373,-0.9108695733476314,-0.6809058491279635
95,0.0,0.0,1.2761399418035615,2.077137900176265,-0.8067932453143025,-0.49108995333823746
96,0.98,0.0,7.616024439899143,9.652519743192286,3.533908387040185,4.626473887514565
97,1.0,0.0,18.451089948192116,22.342708744628627,2.888214427406681,3.7335263316159732
98,0.0,0.0,6.540050687785037,7.402115894667088,-0.29018396814215586,-0.13480744387906632
99,1.0,0.0,25.345952700538334,33.44068189864583,-0.2410419710913681,0.04945257387953288
100,0.0,0.0,4.4420023889055384,6.06580210280587,-1.131733919477899,-0.962728024391855
101,0.0,0.0,10.556372482904447,11.998184824909098,-0.7161568130832241,-0.550547085664396
102,0.0,0.0,12.414391081350221,14.451743758043508,-0.7739592862933269,-0.5959905139508472
103,1.0,0.0,11.823786720330668,14.041565727447743,-0.412304088367174,-0.14372812786243433
104,0.0,0.0,4.625022364265204,5.5881384369204055,0.23172742199057147,0.4720427517683115
105,1.0,0.0,27.02018979211198,31.941575111277825,-0.8837193196901808,-0.7030691560975013
106,1.0,0.0,14.224590828960256,16.095829729329093,0.6029749503020584,0.9063873059310634
107,1.0,0.0,38.9351765157919,47.156648130328264,-0.9281914813885406,-0.7417559289654323
108,1.0,0.0,31.9588168741853,37.922298218301115,-0.3442321701589306,-0.1338855807714751
109,0.0,0.0,11.624535093084964,13.682395617297809,-0.6281127969527374,-0.41728889934318886
110,0.0,0.0,2.751848869835613,3.791885809545819,-0.7538945099239747,-0.49935260258586234
111,0.0,0.0,4.680107083938191,6.711311981975869,-1.3043868033223431,-1.1224763465268395
112,0.0,0.0,3.6425826592375974,4.409014041315643,-0.7041354897931741,-0.5210750587608931
113,0.0,0.0,3.343125634469897,4.490724245366011,-0.5800802036161827,-0.28691892051369544
114,0.0,0.0,2.705640380915984,3.400326940274352,-1.2954944869648233,-1.1958234674015398
115,0.0,0.0,1.614383796306448,2.2501095036476544,-0.3166218684833531,-0.0008583770182499883
116,0.0,0.0,0.9323850206914253,1.4023187675401658,1.49545205798439,2.063345801292824
117,0.0,0.0,4.483318239648511,6.176169652151726,2.8685294772479555,3.8693552728427374
118,0.0,0.0,9.055040785046542,10.195489629381123,-0.7173877991994213,-0.5645346842676912
119,1.0,0.0,20.283769312965678,23.04715848259836,-0.3232367431175102,-0.12841813856661474
120,1.0,0.0,17.11034656937907,20.05262669648021,-0.4257965862599549,-0.1387377136319331
121,1.0,0.0,9.008919399985613,10.94934550572005,-0.3580058592478115,-0.0901469966084826
122,1.0,0.0,10.269330001323016,13.014525601181942,0.4307016389200163,0.9275961907812225
123,0.0,0.0,18.88331222564446,22.909940961000103,0.3633276211094441,0.7739942520628077
124,1.0,0.0,14.641421830870442,17.045517671506996,-0.726280874057046,-0.5450288732295674
125,0.0,0.0,22.33068027810112,26.465936385898235,-0.9983464056874174,-0.8676402880486831
126,0.0,0.0,10.090102539437291,12.050809634892941,0.6777398611531232,1.0308304785864826
127,0.0,0.0,6.409932187933791,7.749456012942958,-0.15860574315462878,0.0784978885354718
128,0.86,0.86,6.255022459041469,7.969806677430121,-1.2872493412958161,-1.1601945194559309
129,1.0,0.94,24.979421339488848,30.345686847867064,-1.272338448771941,-1.09780553270143
130,0.0,0.0,6.354512316694061,8.72766983973901,-1.0073985857476548,-0.7683174396855097
131,0.0,0.0,4.7560266922161185,6.290711333550379,-1.2952737288501635,-1.1043487647239003
132,0.0,0.0,2.840510966944817,3.746806750886143,0.03229239096095855,0.3735765570888855
133,0.0,0.0,1.6343362119158815,2.4503663023259463,-1.1073069117565242,-0.9668326294437031
134,0.0,0.0,3.0518262466554176,3.892319852145853,-0.6595405538289428,-0.47231439042332146
135,0.0,0.0,6.268724864336144,8.366416929552903,1.059152455710989,1.598534548087017
136,0.0,0.0,8.906258580498527,10.276793975912998,3.85950334373235,4.709480782045565
137,0.0,0.0,4.955078122248689,5.8392732239348675,4.698048448966572,5.501265126019275
138,0.0,0.0,11.332617384519121,13.17509597837105,-1.109306954683019,-0.9563084399665046
139,1.0,0.0,28.5454766266447,33.35558422237011,1.575454356698978,2.1519945932205857
140,0.0,0.0,21.157532495709958,27.92490993423272,0.31081884793042164,0.901720766408838
141,1.0,0.0,13.144404227389632,17.094165634151494,-0.9423018618575356,-0.6723381623230339
142,0.0,0.0,8.006368390979834,11.00579353791767,-0.4734587342934876,-0.024959096449654272
143,0.0,0.0,8.153941638890542,10.87643779647798,-0.737294296433177,-0.45727838295696266
144,1.0,0.0,57.22674276221179,75.6160516797421,-0.14333585879848668,0.33199734469402387
145,0.0,0.0,11.018692163403163,12.657283835860236,-0.42787445594472223,-0.23702224937138053
146,1.0,0.98,13.308582070471784,15.079095605766518,-1.3048949834155663,-1.1631526478667886
147,1.0,0.0,21.486583191627496,25.074593544909657,-0.916167246560667,-0.7781570131853885
148,1.0,0.0,19.316972878967842,22.215905612050012,-0.6122864441164995,-0.44410152085263865
149,1.0,1.0,10.307264748686361,11.926784395197982,-1.595045929171274,-1.4674705067489615
150,0.0,0.0,2.6772271487818147,3.533383773612238,-0.18174515003455127,0.13480614825172116
151,0.0,0.0,1.539900225611658,2.1520255380735303,-1.2411632029287216,-1.1342886488109631
152,0.0,0.0,1.1596039050932745,1.7239609268769658,-1.0710486049243062,-0.9296020728371466
153,0.0,0.0,1.5078310167781315,2.3653475582848045,-0.9654804261218808,-0.7986390778757347
154,0.0,0.0,2.8278943940872776,3.6959706224025908,3.076573920786501,4.063783676697917
155,0.98,0.0,7.220502050386499,8.756097754654322,0.30480632900746263,0.7121393189401792
156,0.0,0.0,9.934266591766566,11.087130908428938,-0.8219602395871943,-0.7069922642917593
157,1.0,0.0,6.798415927868225,7.811041960005344,-0.5448257577879271,-0.4038810465952937
158,0.0,0.0,17.97139790725001,20.955497193541852,0.23560087856243841,0.5751584951089476
159,0.0,0.0,17.489655836070412,20.409753104875225,-0.3158827260290946,0.031903970341399523
160,1.0,0.0,36.25025835674798,45.42366783400994,-0.3364402196620315,0.06690096382325203
161,1.0,0.0,17.65761062020935,24.15493068649635,-0.5735445033293776,-0.06454421640873234
162,0.0,0.0,3.5584569126791856,5.493546638656605,-1.2322359825094953,-0.9845294083902953
163,0.0,0.0,12.782892424403231,16.283351780314895,0.35459166132717795,0.8425527574070327
164,0.0,0.0,3.289375612070171,4.9725279673573155,-0.2902969671718214,0.2820178341895131
165,0.0,0.0,9.018338425219468,10.732360670027052,-0.862726427603709,-0.7044528038298429
166,1.0,0.0,38.3279317512226,49.42412953753978,-0.37555752516078506,0.01137850589618304
167,1.0,0.0,24.18840091189366,29.5126847594893,-0.5717125951743042,-0.37055056913109485
168,0.0,0.0,12.912849164138654,15.721015663678203,-0.556600474676903,-0.3432534059931762
169,0.0,0.0,4.39621696209513,6.592851986900953,-1.3052571023521096,-1.080190542436255
170,0.0,0.0,2.4294707320762403,3.7823010572330773,-0.44874520955484554,0.02381884476122018
171,0.0,0.0,3.4821266860420232,4.993512867399538,-1.354812277584878,-1.1978376848844399
172,0.0,0.0,1.1571721287060592,1.7230232685549716,-1.173037711508984,-1.0086395031436826
173,0.0,0.0,1.0749409690670564,1.6339699706527735,-1.0556569908056286,-0.916806382486426
174,1.0,0.86,14.885725990729341,16.8274524926634,-1.22886501875036,-1.0768688634419579
175,1.0,0.0,19.136514105891507,23.185107333665048,-0.2315922247204322,0.06632454411219225
176,1.0,0.0,14.155098748278341,16.583500953827926,0.08238884166096068,0.3189577955785892
177,1.0,0.0,10.771356565393361,13.748646957346342,1.1716244821200954,1.7735905503444538
178,0.0,0.0,11.188310887898131,12.474127204720354,-0.08081663601837656,0.12423560939358587
179,0.0,0.0,17.273014533279007,21.82572278580275,1.3839974565064537,1.977584183940113
180,1.0,0.0,16.089121247995237,19.62137255829913,0.7916758267349073,1.385020273069981
181,1.0,0.0,56.06431696784998,96.56524573342219,-0.8808533114343663,-0.25134497725660426
182,0.0,0.0,7.966954289381594,11.47891661227022,-1.2700884420563303,-1.0308806596490483
183,0.0,0.0,3.7129031236691064,6.207019250105103,0.06343342479819208,0.8457567806975657
184,0.0,0.0,7.096417889024344,9.986506121043764,-0.4700048890856094,0.042240638682879694
185,0.0,0.0,8.193360393469478,10.266584690021912,0.7352860100911981,1.266809572457076
186,0.0,0.0,7.77309810384278,9.4007934340219,-0.5389127014575156,-0.27569087905599793
187,0.0,0.0,4.3051834322322,5.86545495879146,-0.47974834340877165,-0.15811987531152055
188,1.0,0.0,16.131068988362347,19.344800074756268,-1.0341625499732368,-0.9077696894762198
189,0.0,0.0,1.4977798689478898,2.297414992034008,-1.203963340784439,-1.0361155810816673
190,0.0,0.0,2.041902244352565,3.287482791067798,-0.6732500366843795,-0.3326255963312982
191,0.0,0.0,2.197813016926532,3.5542137028816865,-0.43181069350888807,0.06883097744890919
192,1.0,0.0,14.009015700901386,17.70349727819446,-1.0258528190231517,-0.7360344976726784
193,0.0,0.0,1.393260520526683,2.174316689968988,-1.27054572029923,-1.1102729383366108
194,0.0,0.0,1.8436341409930155,2.871236589999049,-1.3129066191319985,-1.130321531376537
195,0.0,0.0,7.354183998725002,8.869740800354274,-0.8848058013427139,-0.7103348505286716
196,0.0,0.0,7.012358517519189,8.1598941809989,-1.2459815885678522,-1.121312258520712
197,0.0,0.0,12.21186840373596,14.24049766740641,0.9402532373773659,1.2552693517458124
198,1.0,0.0,26.034983634009063,32.685975614233726,1.1566168326615927,1.8631144251532465
199,1.0,0.0,16.18605477328572,20.63680157115848,0.47139479821090796,0.9036271870104773
200,1.0,0.0,33.50928692841611,43.44671685162537,0.5649929990244219,1.0447816272586272
201,1.0,0.0,66.15744856343674,95.21896129108359,-0.09142528402943934,0.5682232247854475
202,1.0,0.0,33.411159829515356,44.892154733453644,0.5977760422469256,1.23464055389924
203,1.0,0.0,16.702467296589962,19.843283901791043,-0.17995223761060103,0.11037647712274314
204,0.0,0.0,8.790117303956468,10.286760004200598,-0.977089812789801,-0.768313409518231
205,0.0,0.0,3.002721506061214,4.022709876361616,-1.3540236238887366,-1.1926463980987625
206,0.0,0.0,3.781643243659518,4.861712014209012,-0.5989167704257565,-0.362324730610863
207,1.0,0.0,21.675341176244626,26.16849841235399,-0.9716237243123864,-0.8313757618489229
208,0.5,0.0,5.368797272391662,6.926126914572144,-0.7626356856876277,-0.5453048750855769
209,0.0,0.0,0.9554765023448716,1.4811735826384247,-0.8657293988588081,-0.6277614315982527
210,0.0,0.0,1.2577056928574601,1.8128418436803437,-0.9768332919510422,-0.8230253149494403
211,0.0,0.0,1.1203425138235912,1.7966626506459957,-1.21341823029046,-1.0548141580586032
212,0.0,0.0,4.791636243793758,6.214390186618457,-1.4302702547900898,-1.2738263796580347
213,0.0,0.0,1.4117358302286336,2.0349040019987394,-1.2720665052132054,-1.1399972839078647
214,0.0,0.0,3.582074830655555,4.574965229843545,-0.4807968552730003,-0.24490573814420125
215,1.0,0.0,9.213104376915883,10.647632012702719,0.08473981100400264,0.2900590539151229
216,1.0,0.0,22.772078996782454,27.206000013261466,-0.4993175097021371,-0.3101415599235626
217,1.0,0.0,17.77175105635296,19.909846651233536,1.3527153728606742,1.7521411124513786
218,1.0,0.0,20.83790952310265,25.815804869827243,1.5544872462930832,2.396795105100091
219,1.0,0.0,22.586627820892083,31.09941721725071,0.702452779352156,1.2064765007058944
220,1.0,0.0,45.9366610565588,63.005266832117776,-0.0885205021090166,0.577703448220401
221,1.0,0.0,24.453655685012766,31.76383006377377,0.0014631977706176331,0.49114679481438694
222,0.0,0.0,18.53569908545776,23.724368088041306,0.6876497395994627,1.294010820656498
223,0.0,0.0,16.435392950552064,19.903138285162985,0.8474484938426695,1.1902234053548495
224,1.0,0.0,51.694125744178024,66.45619948619341,-0.3024610407802207,0.0518181096482473
225,0.0,0.0,6.783904065476295,8.305411270061988,0.44647729622731,0.9644147985112365
226,0.0,0.0,2.4048853563484793,3.124088107052196,0.6724523573907173,1.153109100884605
227,0.0,0.0,2.6179443254199817,3.5677815781699826,-1.1090955379717842,-0.9518253042675051
228,0.0,0.0,1.303568093420208,1.8572264633578066,-0.5184635101614713,-0.18057201676846443
229,0.0,0.0,2.239188846430464,2.8226264936490875,-0.6508418491453684,-0.44084904648735357
230,0.0,0.0,7.651736270863571,9.998769804135673,-0.9140157200411518,-0.684774239042518
231,0.0,0.0,0.7682776555794398,1.3760140076088814,-1.013578333168123,-0.8426103181988208
232,0.0,0.0,5.652916406647273,7.76742189309704,0.06476636007386194,0.4773513214205821
233,0.0,0.0,1.619834263160452,2.28470177548751,-0.6809750120369111,-0.48714461452366686
234,0.98,0.0,7.326714893940464,8.708224283144173,-0.8582017190010992,-0.6316259096788459
235,1.0,0.0,18.322754759132696,21.714855418026783,1.3392802078383879,1.8130785649082222
236,1.0,0.0,23.396035870510847,28.19767894661997,-0.4095504927268275,-0.20900001535159593
237,1.0,0.0,9.838259311499007,11.789224143187894,0.5150999295689467,0.9081413595748444
238,0.94,0.0,7.173146431883868,8.551417640251225,1.1343977030247139,1.693773823114969
239,1.0,0.0,32.90832402063046,42.29849996492975,0.10059958106088118,0.44302559337599184
240,1.0,0.0,17.595235070367767,20.81691155130169,1.0730384930548604,1.5258410043347426
241,1.0,0.0,22.893279663439902,30.6267701386386,-0.16349949193340196,0.4397973205062887
242,0.0,0.0,12.265096910257602,15.056171023432132,-0.6525306097994102,-0.3517953432556006
243,1.0,0.0,17.419086596511796,21.1696534182471,-0.25562572309188136,0.03831242107302995
244,0.0,0.0,4.398692205743035,5.896479142770972,2.1971414368917146,2.992607028028968
245,0.0,0.0,2.8642119922909632,3.5908136808117534,-0.9817019510662738,-0.840164973347739
246,0.0,0.0,6.688206145252217,8.636527103642848,-1.2328754426454687,-1.0888941067874487
247,0.0,0.0,1.108054801140797,1.5890596371932695,-0.5273643599666108,-0.2449626257628299
248,0.0,0.0,1.5733137321185071,2.170375831080516,-0.7000139334625388,-0.4752984940669317
249,0.0,0.0,3.831489889290511,4.596556934627948,-0.14030583536966015,0.1278822091751972
250,0.0,0.0,5.309981185775008,6.693177312867649,0.09704962186089525,0.44544536017026176
251,0.0,0.0,5.591586139643401,7.638037448453907,-0.5658463145313545,-0.23136789063224722
252,0.0,0.0,6.096981891210325,8.068398574407283,0.39091163915626403,0.8841593379908519
253,1.0,0.0,8.40645108825743,10.927598738552822,1.631429502731297,2.363717992135453
254,0.0,0.0,5.433970961651097,6.715878447861159,9.657056302405813,12.215037725207525
255,1.0,0.0,15.527424077752865,18.27863435294542,-0.4558478647538541,-0.27676899135717864
256,0.0,0.0,7.040636602037679,8.866190171973233,-0.618606606503854,-0.3860127821401462
257,1.0,0.0,21.213206503924564,24.646071443337526,0.23444393852897472,0.5199003728741824
258,1.0,0.0,26.712366612434824,32.85337592102154,-0.876091159943873,-0.6267700125756144
259,1.0,0.0,18.541088702145775,23.399710219819156,-0.5413955661932796,-0.22251669165799398
260,1.0,0.0,12.335234643706901,15.39665936553708,0.08758179895857045,0.5665329350352261
261,1.0,0.0,9.099563813687848,10.970534459458515,0.4684653867200068,0.8478643204642224
262,0.0,0.0,4.49706971964719,5.753053034080484,0.038368584274164536,0.35753830495203204
263,0.0,0.0,2.3660514947497826,3.2315325518003073,-0.4604989472875542,-0.11612424075098891
264,0.0,0.0,3.038730327525468,4.049276167083734,0.23923273690185218,0.714450868709071
265,0.0,0.0,1.9169687549649517,2.7876559708716484,0.3700534422395712,0.9266561776030705
266,0.0,0.0,1.5602430370695155,2.1417867124768026,0.19081427564910455,0.5940752170320844
267,0.0,0.0,1.1147369790456958,1.7555365743040923,0.4681822589809635,0.9956895596652546
268,0.56,0.0,5.147901255819728,8.347648016400738,-0.14648190111774062,0.47881171276333306
269,0.0,0.0,1.8204544648263867,2.898195489047325,-0.16412523579614316,0.3014005516815291
270,0.0,0.0,4.755596434563963,6.308701829928278,-0.7433398000285312,-0.4579230723683786
271,0.0,0.0,3.3780218017319217,4.201943788419286,1.7207230251057517,2.4085105124158317
272,0.0,0.0,6.593112597408475,7.683178771491199,-0.1582106427755347,0.12888528828858148
273,1.0,0.0,24.107471186504785,29.736310967862067,1.6399383191881964,2.244376208964025
274,1.0,0.0,9.38970824666114,11.2706251263858,-0.19499618628004786,0.008721659469052317
275,0.0,0.0,5.53460681393868,7.206223453146134,-0.8297277369750597,-0.6217600496404152
276,0.0,0.0,9.37927153246145,11.02306764698831,-0.16036200396517625,0.0841407841807896
277,1.0,0.0,18.16107815303826,21.992700635499993,-0.40038458120430526,-0.11533988396485736
278,0.0,0.0,6.197258002880594,7.604488956320424,-0.06574173873411672,0.2830354559978003
279,1.0,0.0,13.341395628701209,15.956583292498708,0.02569981353337833,0.39306770978137895
280,0.0,0.0,6.1392049514685105,7.738879545258914,0.06096620744223665,0.3821833382213413
281,0.0,0.0,6.595835808127193,9.043769193630974,-0.8228550406311335,-0.5677123081929807
282,0.0,0.0,5.641690421539942,7.123205071030019,-0.6332510678473233,-0.4045827618982079
283,0.0,0.0,0.9367709016927194,1.4391223665380488,-1.048454437997851,-0.9259675011793762
284,0.0,0.0,0.7613031908236566,1.3674449180698718,-0.8937896012349055,-0.6191584111842809
285,0.0,0.0,1.5640142605607472,2.574593224961661,-0.3675549793120026,0.11768613855246009
286,0.0,0.0,4.127778255247192,5.848384089039934,-0.8932350132665059,-0.5858871935611264
287,0.02,0.0,4.1733118862382685,6.195816519567242,1.3983992126453166,2.6735967605464235
288,0.0,0.0,3.16913464405736,4.67193176221755,-0.23796526353491695,0.29554816265490375
289,0.0,0.0,3.5486865444050846,4.7089716885405215,1.2043095966472446,1.7281656584981648
290,0.0,0.0,5.256684204632084,6.084128486178956,0.8927769098836795,1.3402561499045977
291,0.0,0.0,9.079647460954627,10.783739087375228,-0.49546348178323274,-0.27165164934639247
292,0.0,0.0,4.221353168162355,5.1349855664533,-0.685611650168834,-0.4828683089257766
293,0.0,0.0,4.975595068538864,7.134619014185455,-0.6912819186452052,-0.38790971698418136
294,0.0,0.0,5.278485463401776,6.284225743326415,-0.6276948272457163,-0.4058904691411187
295,1.0,0.0,26.01860067578545,30.891827754226277,-0.6120117177850809,-0.3853508297957866
296,0.0,0.0,10.67961092775989,12.767611756928178,-0.9792655474729334,-0.8176032834820276
297,0.0,0.0,2.84669269772733,4.117682909658258,0.22516974273905657,0.7421305198331165
298,1.0,0.02,21.52177670920566,27.358574459660446,-1.1015223497946738,-0.9256507180724755
299,0.0,0.0,3.5638341115727052,4.994346439824691,-0.8448664902489098,-0.5697062597559219
300,1.0,0.0,23.33871485487878,27.2327750066004,-0.2951791485683194,-0.0011029899666295463
301,0.14,0.0,5.294297093039437,6.455358792376265,0.29422552572279226,0.6345853420932923
302,0.0,0.0,0.9429777902070512,1.3426078394691205,-1.0262180218488275,-0.907761009988194
303,0.0,0.0,1.8264133125629007,3.6503911259060415,-0.6899677358147792,-0.051267563773195954
304,0.0,0.0,0.8331567738395056,1.4617736796418193,-0.9804565261718806,-0.7312247225270998
305,0.86,0.0,6.1698549430322,11.40194238716544,1.1908710403049068,3.013594286394197
306,1.0,0.0,15.149366511809761,26.024454321069754,-0.09820229996087705,0.5982524273738198
307,1.0,0.0,21.696341017061794,28.784890132842637,-0.9629215102186557,-0.6072249917330651
308,0.0,0.0,5.1831994075002985,6.558867709288063,0.6599707332131062,1.1152749151719372
309,0.0,0.0,7.7913601771454095,9.509563267616013,-0.06162061714718052,0.1942346444840771
310,0.0,0.0,5.098063636933581,6.19089996290131,-0.43527611431754964,-0.20067082871750602
311,1.0,0.0,12.381777393976789,14.457151758284914,-0.8052673117434421,-0.643162040038314
312,1.0,0.56,12.34965117441656,14.274612975633932,-1.189541516108973,-1.0687808650757844
313,0.0,0.0,2.02105145260259,2.9143279482404827,-1.2359945393610574,-1.110510914679636
314,0.0,0.0,3.338551351795849,4.936532087321425,-0.833239320128651,-0.5352861428733034
315,1.0,0.0,12.898495571985583,15.91793263657975,-0.49597226306720094,-0.2110381941415414
316,0.0,0.0,5.439965162862262,6.445184477202257,8.041728118574026,9.517795602607695
317,1.0,0.0,9.324383055108855,10.712974876024399,-0.2737366827175945,-0.06613898966582439
318,0.0,0.0,2.064821083849522,2.740876615450566,-1.1814410047799055,-1.0770599404379957
319,0.0,0.0,1.39017257672191,2.1884768637803464,-0.7898178117849647,-0.5415048169153315
320,0.0,0.0,3.985555084871083,5.221804182661486,1.319812956809047,2.0652149415469068
321,1.0,0.0,13.510457841806916,17.706749384330564,-0.14946624396775646,0.36526861380199804
322,0.0,0.0,3.543769316990317,4.6078870375258765,0.0034689803600933206,0.42346062253245925
323,1.0,0.0,12.847994985699277,15.362318665046937,-0.7931126332496586,-0.6017893662423465
324,1.0,0.22,8.65057384035161,10.512677237169413,-1.1486648164067041,-1.016508953222151
325,1.0,0.0,7.952549028100137,9.934868570968433,-0.7403911205689887,-0.538219113659163
326,1.0,0.0,10.432706624917131,12.306098655055912,-0.7154610907693523,-0.5194792819685736
327,0.0,0.0,1.1056489442210697,1.8525433392034827,-0.9704750224632314,-0.8015077867713476
328,0.0,0.0,2.659469658573228,3.460773350918157,-0.2604443018692394,-0.019967377742499196
329,1.0,0.0,12.020266648952477,13.894887968759525,-0.018091285723831715,0.2097039636219187
330,0.0,0.0,4.851354917984449,6.224835216008948,-0.9723372367234967,-0.8028494235224758
331,0.0,0.0,1.7113297551656923,2.2978057660450886,-1.050213380679778,-0.896439124764515
332,0.0,0.0,2.27160476983462,2.9197676640030212,1.091612916201494,1.6589138161936958
333,0.0,0.0,1.9717756752881312,2.5652246875109186,0.2297385541029878,0.5942054789008567
334,0.0,0.0,1.7514657504999527,2.8175282820916774,1.3116904290030782,2.6064250969754577
335,0.0,0.0,0.6430089588774852,1.0029681440575688,-0.7363543119845223,-0.48526647447089677
336,0.0,0.0,5.47300770435066,6.618000709037214,-0.2925309771725002,-0.04059523506646792
337,1.0,1.0,17.519483936751477,22.99349215659045,-1.4720772780236635,-1.288339066677954
338,0.0,0.0,1.6879243788383147,2.079802690860956,-1.1885737933978255,-1.0909114658747376
339,1.0,0.92,7.334012001945215,9.103442289865262,-1.24468081014217,-1.1082421369211597
340,0.0,0.0,1.161961820590697,1.9248882854725975,-1.1821695239010563,-1.0128227662120368
341,0.0,0.0,1.320641133243185,1.966165585766592,0.07156146421349152,0.4526150735309577
342,0.0,0.0,2.6830251689650138,3.3649171223780256,-1.171594030244949,-1.059358390844784
343,0.0,0.0,6.495640788100308,8.123904387657749,-0.6720588429061538,-0.46829555119354815
344,0.98,0.0,6.458012603441274,8.157435810592084,-0.34966493568199897,-0.05157813379400331
345,0.0,0.0,3.2733474227902435,4.265109942826154,-1.0680046773667133,-0.925890827844346
346,0.0,0.0,2.562268353686336,3.40677501174093,-0.09411494580596422,0.3201992797668711
347,0.0,0.0,1.4755863297522072,1.9254648497121845,-1.2674812145339105,-1.1716874274170852
348,0.0,0.0,7.6907576807072875,10.569868535383668,-0.8379403844026065,-0.5669245840504662
349,0.0,0.0,0.8143684836154936,1.209109154086617,-0.5925092852629495,-0.37221816653441486
350,0.0,0.0,3.3600739475060175,5.26429062732515,-0.6575738413165207,-0.255060074852928
351,0.0,0.0,0.8870342484881881,1.559874954747084,-1.079234730642988,-0.8920136303558356
352,0.0,0.0,1.0889546923964573,1.8870858267942392,-1.135246507798303,-0.9668791132866995
353,0.0,0.0,1.7383798947405007,2.4054240409171994,0.24357886346910806,0.592390533583958
354,0.0,0.0,2.5576001482399455,3.664042648926059,-0.19973035083536475,0.18368948396201185
355,1.0,0.0,27.851522791143577,34.390377125031165,-0.7523358273928773,-0.44057448785232445
356,0.0,0.0,2.765889745093574,3.9006358667709953,-1.3000947292838507,-1.1412600152841095
357,0.0,0.0,1.3172930733428647,1.5679432541302505,-1.07936055474825,-0.9982291824702054
358,0.0,0.0,3.452133934285649,4.830183226345527,-1.208225236549942,-1.0532574554984322
359,0.0,0.0,1.9994450719865948,2.782924138246937,-0.09578409626078842,0.2518277344033342
360,0.0,0.0,0.8298187745575625,1.4615632959483345,-1.0517663907210588,-0.8946642915108625
361,0.0,0.0,0.4747043926009546,0.8390695107307953,-0.8551974674770755,-0.698501987954313
362,0.0,0.0,0.7350557000657248,1.156994629944052,0.8065720043715578,1.3469233276502304
363,0.0,0.0,0.8622691583152374,1.2423175128630335,2.386129899005655,3.2668411388684837
