osm_type,osm_id,amenity,name,brand,cuisine,lat,lon
node,704328536,university,МГВМИ,,,55.7557724,37.6969041
node,930244995,college,Московский областной медицинский колледж,,,55.7848181,37.6273619
node,1248155571,university,Российская академия образования,,,55.7339681,37.5702253
node,1439064134,university,Moscow Business School,,,55.7045615,37.569965
node,1481275491,university,Московская финансово-юридическая академия,,,55.7233757,37.6916854
node,1496633010,university,Кафедра факультетской терапии №2,,,55.7214243,37.5660241
node,1511318287,university,Московский государственный университет технологий и управления имени К. Г. Разумовского,,,55.7459877,37.6560388
node,1734298048,university,Финансовый университет,,,55.8123711,37.6355536
node,1828458924,college,Театральный художественно-технический колледж №60,,,55.7385592,37.6585562
node,2034362422,university,Университет РАО,,,55.7397641,37.546152
node,2081026766,university,Свято-Филаретовский православно-христианский институт,,,55.7607158,37.6481852
node,2479463253,university,Институт Психологии и Психоанализа на Чистых прудах,,,55.760766,37.6462899
node,2545942225,university,Московский институт психоанализа,,,55.7400701,37.5306865
node,2600108118,university,ИПМ им. М.В. Келдыша РАН,,,55.7762329,37.5944688
node,2734739249,college,Московская театральная школа Олега Табакова,,,55.761804,37.649313
node,2756092508,college,"Государственное автономное профессиональное образовательное учреждение города Москвы ""Московский образовательный комплекс имени Виктора Талалихина""",,,55.7147553,37.6090664
node,2802538802,university,Математический факультет НИУ ВШЭ,,,55.7051856,37.585935
node,3082460207,university,Государственная классическая академия им. Маймонида,,,55.74325,37.637747
node,3127825732,university,Высшее театральное училище (институт) имени М. С. Щепкина,,,55.7603421,37.6212011
node,3127843764,university,Школа-студия МХАТ,,,55.7596797,37.6123951
node,3128987067,university,Библейско-богословский институт святого апостола Андрея,,,55.7328116,37.6776434
node,3366427598,college,Институт Сервантеса в Москве,,,55.7556468,37.5855626
node,3476977394,university,Московский государственный гуманитарный университет им. М. А. Шолохова,,,55.7436141,37.6507396
node,3502959732,university,Московский финансово-юридический университет МФЮА,,,55.7466939,37.7170679
node,3502959733,university,Московский архитектурно-строительный институт,,,55.747014,37.7174864
node,3630788693,university,Кафедра общественного здоровья и здравоохранения МГМСУ,,,55.765757,37.632161
node,4120672792,university,ИМПЭ им. Грибоедова,,,55.7547996,37.7259618
node,4120672793,college,Московский промышленно-экономический колледж,,,55.7544524,37.7248608
node,4197227489,university,Институт бизнеса и дизайна,,,55.78051,37.637529
node,4365072919,university,Московская академия экономики и права,,,55.7014017,37.6245378
node,4393540113,university,Российский новый университет,,,55.7626653,37.6821708
node,4469879190,university,Университет Синергия,,,55.7837836,37.718985
node,4513648166,university,МПГУ Физический Факультет Лабораторный корпус,,,55.7361462,37.5838244
node,4771892337,university,"Институт менеджмента, экономики и инноваций",,,55.7614352,37.612824
node,5044655425,university,Московский инновационный университет,,,55.7393167,37.6261433
node,5044655426,university,Столичная академия малого бизнеса,,,55.7489838,37.5918986
node,5044655428,university,Открытый институт - Высшая профессиональная школа,,,55.73696,37.688743
node,5044655429,university,Интуит,,,55.7717148,37.5772618
node,5044655430,university,Славяно-греко-латинская академия,,,55.7331347,37.7141835
node,5044655431,university,Бизнес-школа CESTE Международной академии оценки и консалтинга,,,55.721783,37.6284355
node,5044655432,university,Высший колледж рационального природопользования,,,55.7790207,37.5947947
node,5044655433,university,Московская международная высшая школа бизнеса МИРБИС,,,55.736034,37.663795
node,5044655434,university,Международный институт экономики и права,,,55.776605,37.6998169
node,5078819450,college,Колледж сферы услуг №3,,,55.7367369,37.6841665
node,5078819456,college,Свято-Дмитриевское училище сестер милосердия,,,55.7231243,37.6000186
node,5095038367,university,Московский институт открытого образования,,,55.7421884,37.6517003
node,5146229862,college,Московский городской открытый колледж,,,55.7222915,37.6928231
node,5217351051,college,Московский технологический колледж питания,,,55.7319221,37.5646538
node,5597364453,college,Галактика,,,55.7337195,37.7120106
node,5902838585,university,Институт кино и телевидения,,,55.7758452,37.541081
node,5937026030,university,Приборостроительный факультет МГТУ им. Баумана,,,55.7411672,37.7251772
node,5983002687,university,Международная промышленная академия,,,55.723432,37.6326102
node,6017738660,university,Британская высшая школа дизайна,,,55.7516637,37.6698661
node,6034943085,university,Институт мировых цивилизаций,,,55.7707352,37.6628712
node,6195582832,university,Университет мировых цивилизаций им. В.В. Жириновского,,,55.7273273,37.6100379
node,6328404385,university,Математический факультет МГПУ,,,55.7804342,37.6735987
node,6333393374,university,Российская медицинская академия непрерывного профессионального образования,,,55.7596248,37.5828928
node,6708031391,university,Московская академия экономики и права,,,55.6947221,37.6221032
node,7488264685,college,Академия джаза,,,55.7586928,37.5625483
node,8129648887,university,Национальный институт дизайна,,,55.7266615,37.6389469
node,8426371973,university,Российский государственный социальный университет,,,55.7936459,37.69458
node,8460641345,university,Международный славянский институт,,,55.8046186,37.6295015
node,8735462844,university,Московский художественно-промышленный институт,,,55.7636337,37.682392
node,9227809851,university,АНО ДПО Московская Высшая Школа Экономики,,,55.7367262,37.6594929
node,9775145335,university,Московский государственный педагогический университет,,,55.703905,37.6196605
node,9775145336,college,Гуманитарно-правовой колледж,,,55.7039692,37.6201647
node,10029522910,university,Институт лингвистики и межкультурной коммуникации,,,55.7777623,37.6841798
node,10288496527,university,"Высшая Школа Кино и Телевидения ""Останкино""",,,55.7325058,37.682039
node,10596952373,college,Новые знания,,,55.7152452,37.6963207
node,11237663050,university,Православный Свято-Тихоновский гуманитарный университет,,,55.7720638,37.612794
node,11635671419,university,НИИ Молекулярной медицины,,,55.7826156,37.5508587
node,11635723773,university,МГМУ Сеченова,,,55.7804473,37.5563253
node,12005871270,university,Институт клинической морфологии и цифровой патологии,,,55.7295306,37.5635411
node,12717961230,university,Российский университет транспорта. Академия гражданской авиации,,,55.791861,37.6047357
node,12747629171,university,Московская высшая школа социальных и экономических наук,,,55.7572446,37.6074166
node,13155862704,university,Московский Университет им. А.С. Грибоедова,,,55.7414685,37.6422756
node,13157922451,university,Российский православный университет святого Иоанна Богослова,,,55.7672658,37.6179385
node,13176871052,university,Российский государственный университет им. А.Н. Косыгина. Технологии. Дизайн. Искусство,,,55.7449008,37.6374858
node,13280045861,college,Московский колледж информационных технологий,,,55.736812,37.692698
node,13280045864,college,Институт деловой карьеры,,,55.7366779,37.6940326
node,13381664522,university,,,,55.7313056,37.6657828
node,13656667467,college,Столичный Профессиональный Колледж,,,55.7437786,37.6745733
node,13688591000,college,Колледж малого бизнеса №4,,,55.7769036,37.6951481
node,13746251201,university,Центральный университет,,,55.7686644,37.5891266
node,13765333599,university,"Национальный исследовательский университет ""Московский авиационный институт""",,,55.748936,37.6523057
node,14076970766,university,Кафедра скорой медицинской помощи (ФГБОУ ВО Российский университет Медицины),,,55.7736516,37.6377797
relation,64496,university,МГТУ им. Н. Э. Баумана (Главный учебный корпус),,,55.7659412,37.68499
relation,1178369,university,Школа дизайна НИУ ВШЭ,,,55.7287017,37.6351767
relation,1261719,college,Московский колледж транспорта,,,55.8038269,37.6401104
relation,1270013,university,,,,55.7795865,37.5761628
relation,1283119,university,Академия пограничных войск Российской Федерации,,,55.7782401,37.5784264
relation,1406794,university,МГТУ им. Н. Э. Баумана,,,55.7691141,37.6880207
relation,1476088,university,Национальный исследовательский университет «МЭИ»,,,55.7597901,37.707211
relation,1480037,university,Университет МИСИС,,,55.7280693,37.6081329
relation,1607518,university,Словацкий институт,,,55.7714456,37.5890854
relation,1634472,university,Московская государственная академия хореографии,,,55.7216787,37.5809447
relation,2018405,university,Московский политехнический университет,,,55.7802253,37.6627781
relation,2354606,university,Государственный университет по землеустройству,,,55.7632025,37.6636985
relation,2354607,university,Московский государственный университет геодезии и картографии,,,55.7637898,37.6622239
relation,2379085,university,Высшая школа экономики. Факультет гуманитарных наук,,,55.7673669,37.6629489
relation,2615904,college,Политехнический колледж № 31,,,55.7044776,37.5924331
relation,2798634,university,Финансовый университет при Правительстве РФ,,,55.7806171,37.5798364
relation,2799811,university,МИРЭА — Российский технологический университет,,,55.7271442,37.6084391
relation,2799825,university,Московский государственный лингвистический университет,,,55.7388926,37.5939794
relation,2800169,university,Московский государственный университет им. М. В. Ломоносова,,,55.725224,37.5597126
relation,2800274,university,Московский государственный технологический университет «Станкин»,,,55.7633917,37.6634677
relation,2801677,university,Российский университет транспорта,,,55.7883827,37.6050617
relation,2801691,university,РЭУ им. Г. В. Плеханова,,,55.7239184,37.5947511
relation,2801701,university,Московский технический университет связи и информатики,,,55.7697187,37.5986044
relation,2804763,university,Российский экономический университет имени Г. В. Плеханова,,,55.7280739,37.6294577
relation,2817424,university,Московский государственный юридический университет имени О. Е. Кутафина (МГЮА),,,55.7935966,37.5616816
relation,3313488,university,АУК «Мясницкий» НИУ ВШЭ,,,55.7615442,37.6325159
relation,3389045,university,Институт стран Азии и Африки МГУ,,,55.7553086,37.611954
relation,3395099,university,Московская государственная консерватория,,,55.756286,37.6047365
relation,3963763,college,Медицинский колледж №7,,,55.7479047,37.6585496
relation,4148105,university,Институт математики и информатики ГОУ ВПО г. Москвы “Московский городской педагогический университет”,,,55.8041498,37.6144482
relation,4189041,college,Колледж Московского транспорта. Территория № 1,,,55.7788691,37.647843
relation,4740402,university,Российская академия музыки имени Гнесиных,,,55.7557869,37.5915171
relation,5220429,university,Российский Государственный Университет Правосудия,,,55.8000055,37.5515565
relation,5264723,college,Политехнический техникум №2,,,55.7362754,37.5871761
relation,5359255,university,Первый московский государственный медицинский университет имени И. М. Сеченова,,,55.7280823,37.5742329
relation,5414785,university,Московский гуманитарно-экономический университет,,,55.7264641,37.6029364
relation,5507693,university,Литературный институт им. А.М. Горького,,,55.7628682,37.6018801
relation,5653546,university,Высшая школа экономики,,,55.7634036,37.6235741
relation,5655821,university,Московский государственный психолого-педагогический университет,,,55.7493261,37.5243919
relation,5966461,university,Медико-биологический факультет РНИМУ им. Н. И. Пирогова,,,55.7351373,37.5796151
relation,5966463,university,Первый Московский государственный медицинский университет им. И. М. Сеченова,,,55.7335346,37.5786913
relation,6116665,university,Общевойсковая академия Вооружённых сил РФ,,,55.7382027,37.5780259
relation,6190097,university,Московский государственный юридический университет имени О. Е. Кутафина,,,55.7620934,37.586005
relation,6253180,college,Первый Московский образовательный комплекс,,,55.8038069,37.6282911
relation,6253181,college,Первый Московский образовательный комплекс,,,55.8033107,37.6291119
relation,6253182,college,Первый Московский образовательный комплекс,,,55.8045243,37.627028
relation,6405113,university,Военный университет Министерства обороны Российской Федерации,,,55.7298565,37.5844813
relation,6754899,college,Образовательный комплекс дизайна и технологий,,,55.7225138,37.5628753
relation,6788479,university,Дипломатическая академия МИД России,,,55.7356293,37.5958089
relation,6789692,college,Колледж сферы услуг № 32,,,55.7172513,37.6094653
relation,7078115,university,Российская академия адвокатуры и нотариата,,,55.7523058,37.6612491
relation,7081653,university,Государственный университет просвещения,,,55.7629728,37.6755425
relation,7082100,university,Московский городской педагогический университет,,,55.7492634,37.6420588
relation,7164354,university,Военный университет Министерства обороны РФ,,,55.7671069,37.5956636
relation,7328040,college,Колледж индустрии гостеприимства и менеджмента №23,,,55.786357,37.7141282
relation,7330296,college,Техническая школа Мосметростроя,,,55.7832966,37.7069393
relation,7442270,university,Православный Свято-Тихоновский гуманитарный университет в Москве,,,55.7359296,37.6331557
relation,7507976,university,АУЗ №7 НИУ ВШЭ «Ордынка»,,,55.7374283,37.6263024
relation,7558663,college,Медицинский колледж № 2. Структурное подразделение № 4,,,55.7685098,37.6079633
relation,7609335,university,Всероссийский государственный университет юстиции,,,55.7711432,37.6170242
relation,7612099,university,"Международный институт информатики, управления, экономики и права в г. Москве",,,55.7708346,37.619002
relation,7850046,university,Театральный институт имени Бориса Щукина,,,55.7515189,37.5902629
relation,7874491,college,Московский городской университет. Колледж Арбат,,,55.7505436,37.5859923
relation,7927783,college,Политехнический колледж №8 им. И. Ф. Павлова,,,55.776534,37.5471491
relation,7936427,university,Российский биотехнологический университет,,,55.7308603,37.6818245
relation,7968043,university,Московский государственный академический художественный институт имени В. И. Сурикова,,,55.7434941,37.6669934
relation,8240657,college,Медицинский колледж № 2,,,55.7869429,37.689714
relation,8286777,college,Колледж МИД РФ,,,55.7391865,37.635643
relation,8288382,university,Дипломатическая академия МИД,,,55.7676301,37.6454065
relation,8356566,university,Краснопресненская обсерватория ГАИШ МГУ,,,55.7581928,37.5685699
relation,8733050,college,ГАОУ ВО МГПУ Институт среднего профессионального образования им. К. Д. Ушинского Колледж «Марьина роща»,,,55.8063832,37.616623
relation,8742780,college,Московское академическое художественное училище,,,55.7941951,37.6264126
relation,8872099,college,Фармакологическое Училище №4,,,55.7466847,37.5700421
relation,9137138,college,Медицинский колледж № 5. Подразделение № 3,,,55.7569117,37.5390748
relation,9303001,university,Историко-архивный институт РГГУ,,,55.7574832,37.6222938
relation,10520811,college,Московский техникум космического приборостроения,,,55.772594,37.685274
relation,10641707,college,Технологический колледж № 24,,,55.7878995,37.6755041
relation,10720465,university,Финансовый университет при Правительстве Российской Федерации,,,55.7939978,37.5619886
relation,10948857,university,Академия труда и социальных отношений,,,55.7387825,37.5652747
relation,11242322,college,Колледж №16 по подготовке социальных работников,,,55.8051926,37.5835722
relation,11342124,university,Московский политехнический университет. Отделение «На Садовой-Спасской»,,,55.7707895,37.6390299
relation,11840676,college,"Колледж автоматизации и информационных технологий № 20, территория Моссовет",,,55.7854346,37.5714068
relation,11995192,college,Московский городской педагогический университет. Институт педагогики и психологии образования,,,55.7644087,37.5662696
relation,12005812,college,Московский автомобильно-дорожный колледж им. А.А. Николаева,,,55.7813153,37.6931979
relation,12217954,college,Политехнический колледж № 8,,,55.7961453,37.5682392
relation,12272018,university,"АУК ""Трифоновский"" НИУ ВШЭ",,,55.7903217,37.6310602
relation,12285337,college,Колледж архитектуры и строительства №7,,,55.7962961,37.5655364
relation,12373152,college,Колледж дизайна и декоративного искусства при МГХПА им С. Г. Строганова,,,55.7954899,37.5977046
relation,12554301,college,Московский колледж бизнес-технологий,,,55.7706776,37.5660991
relation,13163860,college,Колледж малого бизнеса № 4,,,55.7368265,37.6272172
relation,13783338,college,Московский государственный психолого-педогогический университет,,,55.774803,37.6449635
relation,13838100,college,Театральный художественно-технический колледж,,,55.7635251,37.6727811
relation,13958085,university,Московский государственный лингвистический университет,,,55.7907152,37.6890391
relation,14075837,college,Учебно-исследовательский центр московской федерации профсоюзов,,,55.8125812,37.6451965
relation,14097754,university,Институт бизнес права МГЮА,,,55.769346,37.6844031
relation,14222428,college,26КАДР,,,55.7412503,37.7057428
relation,14274942,university,РадиоВТУЗ МАИ,,,55.768257,37.6608205
relation,14619260,university,Московский архитектурный институт,,,55.7631628,37.6226135
relation,14930868,college,Колледж архитектуры и менеджмента в строительстве №17,,,55.7895689,37.7124467
relation,14956594,university,Московский государственный строительный университет,,,55.7698464,37.6709271
relation,14990072,college,Политехнический колледж № 8,,,55.783608,37.556258
relation,15046674,college,Государственное училище циркового и эстрадного искусства им. М. Н. Румянцева (Карандаша),,,55.788982,37.5779787
relation,15047537,college,Колледж легкой промышленности,,,55.7716822,37.6592531
relation,15344253,university,Институт математики и информатики,,,55.7768771,37.6626545
relation,15427233,college,Технологический колледж № 28,,,55.7427847,37.7202305
relation,15475386,college,Московский государственный колледж музыкального исполнительства имени Ф. Шопена,,,55.771732,37.6068854
relation,15671457,university,"Российская Академия живописи, ваяния и зодчества Ильи Глазунова",,,55.7646664,37.6354027
relation,16146728,university,Международный университет в Москве,,,55.7820009,37.5707903
relation,16409253,university,Московский государственный психолого-педагогический университет,,,55.7719842,37.6306075
relation,16891279,college,"Педагогический колледж №7 ""Маросейка""",,,55.7594505,37.6363123
relation,17207387,college,Медицинский колледж №1,,,55.7108738,37.5883767
relation,17207978,college,Колледж сферы услуг №32,,,55.7092638,37.5886149
relation,17723010,university,МФЮА,,,55.7926649,37.6515109
relation,17958848,university,Российская государственная специализированная академия искусств,,,55.7404219,37.5495827
relation,17991371,university,Российская академия народного хозяйства и государственной службы,,,55.7378647,37.6032512
relation,18079925,college,Университетский колледж информационных технологий,,,55.7504256,37.6682637
relation,18124328,college,Медицинский колледж,,,55.6933419,37.6195115
relation,18134839,university,Российская академия народного хозяйства и государственной службы при Президенте РФ,,,55.7196684,37.613082
relation,18148147,college,Колледж имени Маршала В.И. Чуйкова,,,55.6946944,37.6223421
relation,18178320,university,Российский государственный университет им. А. Н. Косыгина,,,55.7179035,37.6053102
relation,19696985,university,Российский университет медицины,,,55.7763515,37.6160671
relation,19702368,college,Московский центр развития профессионального образования,,,55.7624964,37.7111113
relation,20114455,college,Московский промышленно-экономический колледж,,,55.7611806,37.5641548
relation,20139942,university,Университет Прокуратуры Российской Федерации,,,55.763449,37.5546225
relation,21039366,university,Российский православный университет святого Иоанна Богослова,,,55.7832159,37.6080574
way,28748557,university,МГТУ им. Н. Э. Баумана (Корпус Э),,,55.7688522,37.6896215
way,29071141,university,Академия медиаиндустрии,,,55.7997895,37.61047
way,30389834,college,Колледж современного управления,,,55.7241387,37.6931858
way,30434328,university,Первый московский государственный медицинский университет им. И. М. Сеченова,,,55.7333304,37.5703032
way,31482158,university,"Кафедры анатомии, гистологии, микробиологии академии им. И. М. Сеченова",,,55.7565079,37.6126806
way,37030105,college,26 кадр,,,55.6911002,37.6117686
way,37908864,university,,,,55.7140371,37.6746371
way,45831775,college,МФЮА,,,55.7801158,37.7199793
way,45846586,university,Российский государственный медицинский университет,,,55.7315386,37.5770543
way,45848077,college,Московский промышленный колледж,,,55.7108206,37.6258477
way,45903954,university,Московский городской педагогический университет,,,55.7729737,37.6145258
way,46096537,university,Факультет права НИУ ВШЭ,,,55.7554304,37.6464305
way,46846723,university,Институт педагогики и психологии МПГУ,,,55.7701143,37.6239652
way,47512330,college,Медицинское училище №13,,,55.7428826,37.5864147
way,48172547,university,Университет Российской академии образования,,,55.7304373,37.6225795
way,48178991,college,Колледж лёгкой промышленности №5,,,55.7780403,37.6882549
way,48842069,college,ГБПОУ Московский Технологический Колледж,,,55.7038997,37.6377296
way,48843909,university,Московский университет им. С. Ю. Витте,,,55.7004103,37.6549425
way,49354456,university,"Государственный университет просвещения, ИФИ",,,55.7730699,37.6824894
way,49405855,college,Московский технико-экономический колледж,,,55.7761529,37.6833545
way,49488743,college,Профессиональный экономико-технологический лицей №339,,,55.7416982,37.6985647
way,49578741,college,Сретенская духовная семинария,,,55.7654693,37.6291699
way,51015369,university,"Факультет истории, политологии и права РГГУ",,,55.7564642,37.6210983
way,51545006,university,Институт медицинской паразитологии и тропической медицины им. Е. И. Марциновского,,,55.7276875,37.5649678
way,51550885,college,Политехнический колледж №2,,,55.7380959,37.5722036
way,52387364,university,Московский университет МВД,,,55.7542945,37.6396772
way,52387427,college,Медицинский колледж им. Клары Цеткин,,,55.752291,37.6449585
way,52435401,university,Московский государственный академический художественный институт имени В. И. Сурикова,,,55.7417011,37.6214895
way,52508014,college,Колледж связи №54,,,55.7388676,37.6549872
way,53551279,college,Государственное музыкальное училище эстрадного и джазового искусства,,,55.7395545,37.6248499
way,54601795,college,Колледж малого бизнеса №4,,,55.7264333,37.6377736
way,56052129,college,Музыкально-педагогический колледж,,,55.7629727,37.7049297
way,56460834,college,Московский технологический колледж имени Лихачева,,,55.726588,37.6540986
way,58821330,college,Павловское медицинское училище №1 при ГКБ №4,,,55.7130655,37.6296203
way,85334382,university,Первый Московский государственный медицинский университет им. И. М. Сеченова,,,55.7313396,37.5721489
way,101597123,university,Московский городской университет. Центр проектного творчества,,,55.7805673,37.6363956
way,107012340,university,Социально-экономический институт,,,55.7247028,37.7008995
way,108680425,college,,,,55.7042344,37.6803343
way,108680616,college,26 кадр,,,55.7045265,37.6795037
way,108680640,college,,,,55.7038994,37.6798978
way,119291383,college,Московский многопрофильный техникум им. Л. Б. Красина,,,55.7110764,37.6640182
way,123075138,university,Московский Городской Педагогический Университет,,,55.8024202,37.5612931
way,128264423,college,Медресе при Московской Соборной мечети,,,55.779471,37.6270019
way,129590788,college,,,,55.7040644,37.6801132
way,135640547,college,,,,55.74645,37.5700498
way,139526078,university,Московский институт иностранных языков,,,55.7716802,37.6834399
way,142198944,university,Всероссийская академия внешней торговли,,,55.7269455,37.5336008
way,145407361,college,Медучилище,,,55.7806735,37.5486822
way,150964759,college,"Колледж связи № 54 им. П. М. Вострухина, ОП 7",,,55.7435922,37.6816822
way,151060809,university,Институт экономики бизнеса,,,55.7226415,37.6380475
way,160191365,university,Государственный академический университет гуманитарных наук,,,55.732704,37.6090544
way,161450168,university,Московский городской университет управления Правительства Москвы,,,55.7707841,37.633251
way,172839711,university,"ВШЭ, школа дизайна",,,55.7873213,37.6417519
way,191383974,university,Институт иностранных языков МГПУ,,,55.7937309,37.5730482
way,202018151,university,Гуманитарный институт,,,55.8011963,37.6463883
way,208176609,university,Российский университет медицины,,,55.7753654,37.604306
way,232638595,university,Российский университет театрального искусства ГИТИС,,,55.7452401,37.6546115
way,234744387,university,Институт математики и информатики ГОУ ВПО,,,55.7040012,37.6199248
way,253642539,university,Российский институт театрального искусства — ГИТИС,,,55.754774,37.6034774
way,257541607,university,АУЗ №4 НИУ ВШЭ,,,55.7618135,37.60615
way,275806294,college,Колледж автомобильного транспорта № 9,,,55.8041349,37.5814886
way,299451023,university,Российский православный университет,,,55.7575442,37.6278231
way,309096038,university,Московский психолого-социальный университет,,,55.7075913,37.6116421
way,346569282,college,Технологический колледж №14 (Факультет экономики),,,55.7953976,37.6046348
way,358226392,college,Педагогический колледж №6,,,55.7376401,37.531509
way,373347111,university,Государственный музыкально-педагогический институт им. М. М. Ипполитова-Иванова,,,55.7344351,37.6658235
way,373702590,university,,,,55.7463825,37.589843
way,386779773,university,Международная академия бизнеса и управления,,,55.7980585,37.6200155
way,386799026,college,Политехнический колледж №8 им. И.Ф. Павлова,,,55.7958692,37.6212838
way,411723020,college,Московская международная киношкола,,,55.7154297,37.6066622
way,471161532,university,МГАКХиС,,,55.7322161,37.700546
way,810660205,college,Медицинский колледж №2 подразделение №1,,,55.7955343,37.6890878
