cell_id,address,distance_m
0,"улица Лужники, 24 с5",144.0
1,"улица Косыгина, 2 с14",48.0
2,"Ленинский проспект, 39А",77.0
3,"улица Вавилова, 3",16.0
4,"5-й Донской проезд, 15 с14",62.0
5,"4-й Рощинский проезд, 30 с5",120.0
6,"Варшавское шоссе, 2",93.0
7,"улица Лужники, 24 с9",119.0
8,"Новолужнецкий проезд, 3",78.0
9,"Лужнецкая набережная, 2/4 с4",85.0
10,"улица Крымский Вал, 9 с42",134.0
11,"Ленинский проспект, 33 с5",10.0
12,"улица Орджоникидзе, 7 с2",16.0
13,"улица Новая Заря, 3",19.0
14,"Малая Тульская улица, 24",8.0
15,"Варшавское шоссе, 1 с5",26.0
16,"Автозаводская улица, 23/153",24.0
17,"улица Лужники, 24 с48",73.0
18,"Новолужнецкий проезд, 13",121.0
19,"улица Хамовнический Вал, 34",72.0
20,"Комсомольский проспект, 48",25.0
21,"Фрунзенская набережная, 48",37.0
22,"улица Крымский Вал, 9 с46",20.0
23,"Малая Калужская улица, 15 с28",15.0
24,"улица Шаболовка, 52",21.0
25,"улица Серпуховский Вал, 9",36.0
26,"Холодильный переулок, 2",18.0
27,"Даниловская набережная, 8А с4",109.0
28,"Автозаводская улица, 16 к2 с17",106.0
29,"Автозаводская улица, 12 к1 с1",38.0
30,"Воробьёвское шоссе, 2 с44",34.0
31,"Новодевичий проезд, 1 с28",250.0
32,"Лужнецкий проезд, 1A",42.0
33,"Кооперативная улица, 3 к6",29.0
34,"Комсомольский проспект, 33/11",44.0
35,"Фрунзенская набережная, 34",111.0
36,"Ленинский проспект, 10 с4А",59.0
37,"Донская улица, 39 с5",21.0
38,"улица Шухова, 14",45.0
39,"Люсиновская улица, 70 с1",42.0
40,"Дубининская улица, 98 с10Б/Н",13.0
41,"3-й Павелецкий проезд, 6 кА",19.0
42,"Павелецкая набережная, 8 с20",96.0
43,"улица Мастеркова, 6",45.0
44,"Бережковская набережная, 34А",74.0
45,"Бережковская набережная, 20 с52",29.0
46,"Саввинская набережная, 23 с1",54.0
47,"Большая Пироговская улица, 27",28.0
48,"Усачёва улица, 1 с3А",95.0
49,"1-я Фрунзенская улица, 5",61.0
50,"улица Крымский Вал, 9 с47",158.0
51,"Ленинский проспект, 11",68.0
52,"улица Шаболовка, 27",20.0
53,"улица Павла Андреева, 23 с5",18.0
54,"2-й Павловский переулок, 3 с2",25.0
55,"Дубининская улица, 59Б",149.0
56,"Павелецкая набережная, 2 с5",53.0
57,"Восточная улица, 4 с5",51.0
58,"Велозаводская улица, 6А",20.0
59,"Кутузовский проспект, 32 к2",33.0
60,"Кутузовский проспект, 35",39.0
61,"Киевская улица, 20",42.0
62,"Бережковская набережная, 16 с20",19.0
63,"Саввинская набережная, 15",76.0
64,"Большая Пироговская улица, 17 с2",54.0
65,"Языковский переулок, 7",8.0
66,"Фрунзенская набережная, 16 к1",18.0
67,"улица Крымский Вал, 9 с10",72.0
68,"Ленинский проспект, 1/2 к1",28.0
69,"4-й Добрынинский переулок, 1/9 с17",26.0
70,"Большая Серпуховская улица, 31 к9",18.0
71,"Дубининская улица, 55 к1 с2",7.0
72,"Дербеневская улица, вл20",26.0
73,"улица Виктора Маслова, 2",115.0
74,"Восточная улица, 1/1",42.0
75,"1-я улица Машиностроения, 5А",62.0
76,"Угрешская улица, 1 с6",96.0
77,"Тестовская улица, 20А с2",104.0
78,"Пресненская набережная, 10",120.0
79,"Кутузовский проспект, 25",31.0
80,"Киевская улица, 8 с2",57.0
81,"МЖД, 2 с1",30.0
82,"2-й Вражский переулок, 3 с2",36.0
83,"Зубовская улица, 14/2 с1",56.0
84,"Зубовский бульвар, 17 с3",23.0
85,"улица Крымский Вал, 9 с45",163.0
86,"улица Крымский Вал, 8 к2",35.0
87,"Житная улица, 12",46.0
88,"Большая Серпуховская улица, 5",23.0
89,"Большая Пионерская улица, 27-29",22.0
90,"Летниковская улица, 8 с1",27.0
91,"Дербеневская набережная, 7 с12",22.0
92,"улица Симоновский Вал, 20 к4",31.0
93,"Шарикоподшипниковская улица, 4 к20",12.0
94,"Шарикоподшипниковская улица, 13 с2",80.0
95,"1-й Угрешский проезд, 6 к1",46.0
96,"1-й Красногвардейский проезд, 19",62.0
97,"Краснопресненская набережная, 14 с4",63.0
98,"Кутузовский проспект, 16",26.0
99,"Большая Дорогомиловская улица, 1",22.0
100,"площадь Европы, 1А",142.0
101,"Земледельческий переулок, 20А",31.0
102,"Кропоткинский переулок, 20 с1",23.0
103,"Коробейников переулок, 22 с1",21.0
104,"Крымская набережная, 16",126.0
105,"2-й Хвостов переулок, 12",19.0
106,"улица Большая Ордынка, 56 с4",6.0
107,"5-й Монетчиковский переулок, 5 с3",15.0
108,"Кожевническая улица, 1Б с1",51.0
109,"Кожевническая улица, 19 с2",36.0
110,"Крутицкая улица, 17 с6",36.0
111,"улица Мельникова, 23",26.0
112,"Новоостаповская улица, 5 с2",24.0
113,"Шарикоподшипниковская улица, 13 с47-48",30.0
114,"улица Антонова-Овсеенко, 13 с3",126.0
115,"Мантулинская улица, 9 к5",39.0
116,"Мантулинская улица, 5",146.0
117,"Украинский бульвар, 2 с1",34.0
118,"Кутузовский проспект, 5 к3",36.0
119,"Смоленская набережная, 2 к2",27.0
120,"Денежный переулок, 24 с1",26.0
121,"Хрущёвский переулок, 5 с2",15.0
122,"Соймоновский проезд, 3",34.0
123,"улица Большая Якиманка, 2",16.0
124,"Пыжёвский переулок, 5 с3",43.0
125,"Новокузнецкая улица, 18 с1",36.0
126,"Озерковская набережная, 48-50 с1",36.0
127,"Космодамианская набережная, 52 с8",153.0
128,"Крестьянская площадь, 10 с1",14.0
129,"улица Крутицкий Вал, 3 с1",22.0
130,"Волгоградский проспект, 16",37.0
131,"улица Талалихина, 41 с19",66.0
132,"Остаповский проезд, 1 с34",56.0
133,"улица Ермакова Роща, вл16А",16.0
134,"Красногвардейский бульвар, 5 к2",16.0
135,"Шмитовский проезд, 13",53.0
136,"Рочдельская улица, 15/56",50.0
137,"Краснопресненская набережная, 2/1",68.0
138,"улица Новый Арбат, 36 с4",29.0
139,"Малый Каковинский переулок, 8",15.0
140,"Староконюшенный переулок, 41 с2",4.0
141,"Малый Знаменский переулок, 3/5 с1",16.0
142,"Берсеневская набережная, 20/2",113.0
143,"Кадашёвская набережная, 14 к3",2.0
144,"Пятницкая улица, 25",9.0
145,"Озерковская набережная, 22/24",26.0
146,"Гончарная набережная, 3 с1",38.0
147,"переулок Маяковского, 15/13",28.0
148,"Марксистская улица, 34 к7",47.0
149,"Стройковская улица, 10",27.0
150,"Сибирский проезд, 2 с9",16.0
151,"улица Талалихина, 41 с64",132.0
152,"Скотопрогонная улица, 33",94.0
153,"Стрельбищенский переулок, 25А",23.0
154,"2-я Черногрязская улица, 7 к2",83.0
155,"улица Костикова, 4 к1",24.0
156,"Средний Трёхгорный переулок, 9",23.0
157,"Дружинниковская улица, 11А с3",26.0
158,"Новинский бульвар, 25 к3 с5",32.0
159,"улица Малая Молчановка, 8",20.0
160,"улица Воздвиженка, 20 с1",19.0
161,"Моховая улица, 10",37.0
162,"Софийская набережная, 24/2 с2",168.0
163,"Садовническая улица, 8",7.0
164,"Садовническая улица, 29",31.0
165,"1-й Котельнический переулок, 8 с1",37.0
166,"Верхняя Радищевская улица, 22Б",41.0
167,"Таганская улица, 15А с4",44.0
168,"Таганская улица, 58 с11",47.0
169,"Большая Калитниковская улица, 12",22.0
170,"Средняя Калитниковская улица, 29 с2",15.0
171,"Скотопрогонная улица, 21-23 с3",22.0
172,"улица Розанова, 10 с2",136.0
173,,336.0
174,"Большая Декабрьская улица, вл11",49.0
175,"улица Пресненский Вал, 6 с2",26.0
176,"Волков переулок, 7-9 с3",20.0
177,"Баррикадная улица, 8 с5А",2.0
178,"Гранатный переулок, 7 с1",29.0
179,"Тверской бульвар, 2",25.0
180,"Большая Никитская улица, 8",23.0
181,"Красная площадь, 1",103.0
182,"улица Варварка, 2",54.0
183,"Китайгородский проезд, 9 с18",22.0
184,"Серебрянический переулок, 1А с11",94.0
185,"Николоямская улица, 15",28.0
186,"улица Станиславского, 21 с19",21.0
187,"Библиотечная улица, 2",21.0
188,"улица Рогожский Вал, 9/2 с2",18.0
189,"Рабочая улица, 37",58.0
190,"Рабочая улица, 84 с4",43.0
191,"Смирновская улица, 4А с3",28.0
192,"Хорошёвское шоссе, 1",34.0
193,"улица 1905 года, 27 с1",5.0
194,"Ходынская улица, 6",65.0
195,"Малая Грузинская улица, 29 с3",30.0
196,"Большая Грузинская улица, 22",24.0
197,"Садовая-Кудринская улица, 19 с1",12.0
198,"Богословский переулок, 7",23.0
199,"Леонтьевский переулок, 23",18.0
200,"Георгиевский переулок, 3 с7",17.0
201,"Никольская улица, 10",23.0
202,"Лубянский проезд, 15 с2",16.0
203,"Малый Ивановский переулок, 7 с8",17.0
204,"улица Воронцово Поле, 6-8 с3",17.0
205,"улица Земляной Вал, 57 с6",28.0
206,"Костомаровская набережная, 29 с6",111.0
207,"улица Сергия Радонежского, 15-17 с2",16.0
208,"Средний Международный переулок, 8 с2",16.0
209,"шоссе Энтузиастов, 2 с37",47.0
210,"Перовский проезд, 2 с4",128.0
211,"Хорошёвское шоссе, 40А с8",64.0
212,"улица Поликарпова, 9",22.0
213,"Беговая улица, 2А с1",96.0
214,"Нижняя улица, 17 с5",74.0
215,"Средний Кондратьевский переулок, 10",26.0
216,"Васильевская улица, 2 к2",13.0
217,"Тверская улица, 29 к2",17.0
218,"Настасьинский переулок, 4 к2",16.0
219,"Петровский переулок, 6 с2",18.0
220,"улица Рождественка, 11 с2",23.0
221,"Милютинский переулок, 3 с2",8.0
222,"улица Покровка, 5 с3",31.0
223,"улица Покровка, 20/1 с2",39.0
224,"улица Земляной Вал, 36",53.0
225,"Нижняя Сыромятническая улица, 1/4",19.0
226,"Волочаевская улица, 38",50.0
227,"улица Золоторожский Вал, 22",23.0
228,"улица Золоторожский Вал, 11 с36",44.0
229,"Шепелюгинская улица, 4",8.0
230,"2-я Кабельная улица, 2 с1",57.0
231,"2-й Боткинский проезд, 5 к22",61.0
232,"Беговая улица, 24",29.0
233,"Беговая улица, 22 с24",141.0
234,"Верхняя улица, 1",35.0
235,"1-я Брестская улица, 62",22.0
236,"3-я Тверская-Ямская улица, 36/40",31.0
237,"Садовая-Триумфальная улица, 18-20",18.0
238,"улица Петровка, 38Г",69.0
239,"1-й Колобовский переулок, 27/3 с1",28.0
240,"Рождественский бульвар, 19",33.0
241,"площадь Мясницкие Ворота, 1 с1",19.0
242,"улица Чаплыгина, 10",21.0
243,"Малый Казённый переулок, 5А с1",21.0
244,"Нижний Сусальный переулок, 5 с16",26.0
245,"Самокатная улица, 4Б с4",110.0
246,"Волочаевская улица, 12А с1",37.0
247,"улица Золоторожский Вал, 4 с4",51.0
248,"улица Крузенштерна, 9",17.0
249,"проезд Завода Серп и Молот, 5 с2",19.0
250,"1-й Боткинский проезд, 7 с2",35.0
251,"Беговая аллея, 3А с2",17.0
252,"Ленинградский проспект, 22",45.0
253,"1-я улица Ямского Поля, 2",79.0
254,"Миусская площадь, 5",12.0
255,"Долгоруковская улица, 29",8.0
256,"Делегатская улица, 3 c12",28.0
257,"Садовая-Самотёчная улица, 18 с1",33.0
258,"Большой Сухаревский переулок, 11 с1",14.0
259,"Костянский переулок, 15/9 с1",13.0
260,"Мясницкая улица, 46 с1",35.0
261,"Садовая-Черногрязская улица, 5/9 с2",25.0
262,"Гороховский переулок, 4 к6",5.0
263,"улица Казакова, 18-20 с1",15.0
264,"набережная Академика Туполева, 15 к9",26.0
265,"Красноказарменная улица, 2 с6",14.0
266,"Красноказарменная улица, 9",30.0
267,"Красноказарменная улица, 15 к2",42.0
268,"Ленинградский проспект, 33Б с5",111.0
269,"Ленинградский проспект, 36 с29",113.0
270,"улица Расковой, 16 с2",20.0
271,"улица Правды, 8 к32",30.0
272,"Новолесная улица, 18 к1",34.0
273,"Новослободская улица, 18",31.0
274,"Селезнёвская улица, 28 с1",16.0
275,"Делегатская улица, 25",69.0
276,"переулок Васнецова, 11 с1",27.0
277,"Большая Сухаревская площадь, 3 с8",48.0
278,"Скорняжный переулок, 3 с2",17.0
279,"Каланчёвская улица, 6/2 с1",27.0
280,"Новая Басманная улица, 23 с1",1.0
281,"Старая Басманная улица, 36 с2",15.0
282,"Гарднеровский переулок, 3 c4A",11.0
283,"Красноказарменная улица, 3/1",119.0
284,"1-й Краснокурсантский проезд, 3/5 c10",51.0
285,"улица Лефортовский Вал, 5 к4",20.0
286,"Авиамоторная улица, 4 с1",9.0
287,"улица Верхняя Масловка, 15",24.0
288,"Петровско-Разумовский проезд, 4А",41.0
289,"улица Расковой, 34 к21",9.0
290,"улица Бутырский Вал, 68/70 с2",16.0
291,"Тихвинский переулок, 7 с1",22.0
292,"площадь Борьбы, 15",29.0
293,"Суворовская площадь, 2 с5",68.0
294,"Суворовская площадь, 2 с6",88.0
295,"проспект Мира, 31",27.0
296,"Большой Балканский переулок, 5",30.0
297,"Каланчёвская улица, 12/12 с7",30.0
298,"Комсомольская площадь, 4 с4",37.0
299,"Нижняя Красносельская улица, 40/12 к24",38.0
300,"Бауманская улица, 36 с2",24.0
301,"Волховский переулок, 23/3 с2",24.0
302,"Госпитальная улица, 6",55.0
303,"Солдатский переулок, 8",36.0
304,"Крюковский тупик, 6",32.0
305,"Башиловская улица, 10 с3",15.0
306,"Бутырская улица, 2/18",41.0
307,"улица Сущёвский Вал, 9 с7",70.0
308,"Новосущёвская улица, 15",71.0
309,"Октябрьская улица, 33",26.0
310,"Олимпийский проспект, 22",49.0
311,"Больничный переулок, 2 с2",23.0
312,"Орлово-Давыдовский переулок, 5",35.0
313,"Индустриальный переулок, 9 с8",180.0
314,"Краснопрудная улица, 3/5 с6",17.0
315,"Краснопрудная улица, 24 с1",9.0
316,"Бауманская улица, 5 с1",20.0
317,"Бакунинская улица, 23/41",27.0
318,"Рубцов переулок, 3 с2",27.0
319,"улица Новая Дорога, 5",26.0
320,"Бутырская улица, 42",43.0
321,"Складочная улица, 1Б с3",51.0
322,"Стрелецкая улица, 8",19.0
323,"1-я Ямская улица, 6",47.0
324,"улица Сущёвский Вал, 56",96.0
325,"улица Верземнека, 4",44.0
326,"Средняя Переяславская улица, 13 с2",26.0
327,"проезд Комсомольской Площади, 25",152.0
328,"5-й Красносельский переулок, 13/14",23.0
329,"Верхняя Красносельская улица, 15б, стр.1",26.0
330,"Русаковская улица, 8 c3",27.0
331,"Новая Переведеновская улица, 3",88.0
332,"Бакунинская улица, 74-76 к1",23.0
333,"Рубцовская набережная, 3 с1",35.0
334,"Новодмитровская улица, 2 к7",17.0
335,"Складочная улица, 4",46.0
336,"Октябрьская улица, 105 к1",41.0
337,"Шереметьевская улица, 8",45.0
338,"4-й проезд Марьиной Рощи, 8А с1",99.0
339,"проспект Мира, 88 с4",47.0
340,"проезд Комсомольской Площади, 27",121.0
341,"1-я Рыбинская улица, 1 с2",31.0
342,"3-я Рыбинская улица, 30 с2",20.0
343,"улица Шумкина, 20 с2",9.0
344,"улица Жебрунова, 1",53.0
345,"улица Гастелло, 30",38.0
346,"Большая Почтовая улица, 40 с7",27.0
347,"Анненская улица, 21",25.0
348,"Веткина улица, 2А с3",138.0
349,"проспект Мира, 81Б с6",178.0
350,"проспект Мира, 96 с19",115.0
351,"2-я Мытищинская улица, 2 с6",7.0
352,"1-й Лучевой просек, 15 с8",45.0
353,"Митьковский проезд, 5",166.0
354,"улица Сокольнический Вал, 1Б с5",45.0
355,"Сокольническая площадь, 4А",58.0
356,"улица Барболина, 3 к13",27.0
357,"Мурманский проезд, 14 к2",7.0
358,"Большая Марьинская улица, 7 к2",9.0
359,"Графский переулок, 14 к1",12.0
360,"1-я Мытищинская улица, 16 с19",132.0
361,"Поперечный просек, 3 с5",135.0
362,"Митьковский проезд, 8",110.0
363,"проезд Сокольнического Круга, 5",102.0
